Compte rendu 28,J'ai utilisé l'IA pour vérifier la grammaire.,J'ai passé beaucoup de temps dessus.
Analyse 41,L'IA m'a donné des exemples concrets.,À revoir pour la prochaine fois.
Présentation 17,J'ai demandé à l'IA des synonymes pour enrichir mon vocabulaire.,À revoir pour la prochaine fois.
Synthèse 47,L'IA m'a aidé à corriger mes fautes d'orthographe.,À revoir pour la prochaine fois.
Rapport de stage,L'IA m'a permis de mieux structurer mes phrases.,J'ai passé beaucoup de temps dessus.
Dissertation 1,L'IA a généré un premier jet que j'ai retravaillé.,Travail fait rapidement.
Projet - Math,L'IA a généré un premier jet que j'ai retravaillé.,"Premier essai, pas encore au point."
Présentation - Philo,L'IA a généré un premier jet que j'ai retravaillé.,Travail fait rapidement.
Dissertation - Physique,L'IA m'a donné des exemples concrets.,À revoir pour la prochaine fois.
Rendu du 21 November 2022,L'IA m'a permis de mieux structurer mes phrases.,À revoir pour la prochaine fois.
Mémoire - Philo,L'IA m'a donné des exemples concrets.,À discuter avec le professeur.
Rapport de stage - Math,L'IA m'a permis de mieux structurer mes phrases.,J'ai eu du mal à comprendre certaines consignes.
Synthèse - Physique,J'ai demandé à l'IA de générer un plan.,À revoir pour la prochaine fois.
Présentation,L'IA m'a aidé à clarifier certains concepts.,J'ai eu du mal à comprendre certaines consignes.
Synthèse,L'IA m'a permis de mieux structurer mes phrases.,J'ai eu du mal à comprendre certaines consignes.
Mémoire 23,L'IA m'a permis de mieux structurer mes phrases.,"Travail fait en retard, à améliorer."
Synthèse - Math,L'IA a généré un premier jet que j'ai retravaillé.,J'ai eu du mal à comprendre certaines consignes.
Synthèse,L'IA m'a aidé à clarifier certains concepts.,"Travail fait en retard, à améliorer."
Analyse 33,J'ai utilisé l'IA pour vérifier la grammaire.,À discuter avec le professeur.
Synthèse,J'ai utilisé l'IA pour vérifier la grammaire.,"Premier essai, pas encore au point."
Présentation 28,Je me suis aidé de l'IA pour résumer un texte.,À discuter avec le professeur.
Rapport de stage 11,J'ai demandé à l'IA des synonymes pour enrichir mon vocabulaire.,À discuter avec le professeur.
Projet,L'IA m'a permis de mieux structurer mes phrases.,"Premier essai, pas encore au point."
Projet - Philo,Je me suis aidé de l'IA pour résumer un texte.,À revoir pour la prochaine fois.
Présentation - Eco,Je me suis aidé de l'IA pour résumer un texte.,J'ai passé beaucoup de temps dessus.
Compte rendu,J'ai utilisé l'IA pour reformuler mes idées.,Travail fait rapidement.
Projet,L'IA m'a aidé à corriger mes fautes d'orthographe.,À revoir pour la prochaine fois.
Rapport de stage - Physique,Je me suis aidé de l'IA pour résumer un texte.,"Travail fait en retard, à améliorer."
Mémoire - Philo,J'ai utilisé l'IA pour reformuler mes idées.,À discuter avec le professeur.
Présentation,L'IA m'a aidé à clarifier certains concepts.,À discuter avec le professeur.
Présentation - Info,L'IA m'a aidé à corriger mes fautes d'orthographe.,Travail fait rapidement.
Projet,J'ai utilisé l'IA pour reformuler mes idées.,À discuter avec le professeur.
Présentation,J'ai demandé à l'IA de générer un plan.,Pas totalement satisfait du rendu.
Projet,L'IA m'a donné des exemples concrets.,À revoir pour la prochaine fois.
Analyse,L'IA m'a aidé à clarifier certains concepts.,"Travail fait en retard, à améliorer."
Rendu du 26 April 2024,L'IA m'a permis de mieux structurer mes phrases.,Travail fait rapidement.
Compte rendu,Je me suis aidé de l'IA pour résumer un texte.,Pas totalement satisfait du rendu.
Exposé 16,L'IA m'a aidé à clarifier certains concepts.,J'ai appris beaucoup en le faisant.
Projet - Info,J'ai demandé à l'IA de générer un plan.,J'ai eu du mal à comprendre certaines consignes.
Mémoire,J'ai utilisé l'IA pour reformuler mes idées.,"Premier essai, pas encore au point."
Synthèse,L'IA m'a donné des exemples concrets.,Je pense que je peux faire mieux.
Projet - Eco,J'ai utilisé l'IA pour vérifier la grammaire.,Je pense que je peux faire mieux.
Synthèse,L'IA m'a permis de mieux structurer mes phrases.,À revoir pour la prochaine fois.
Compte rendu - Philo,L'IA m'a aidé à corriger mes fautes d'orthographe.,Je pense que je peux faire mieux.
Projet - Eco,L'IA m'a aidé à clarifier certains concepts.,"Premier essai, pas encore au point."
Rapport de stage,J'ai demandé à l'IA de générer un plan.,J'ai eu du mal à comprendre certaines consignes.
Rendu du 11 March 2025,L'IA a généré un premier jet que j'ai retravaillé.,"Premier essai, pas encore au point."
Présentation,Je me suis aidé de l'IA pour résumer un texte.,À discuter avec le professeur.
Analyse,J'ai utilisé l'IA pour reformuler mes idées.,"Travail fait en retard, à améliorer."
Projet 22,L'IA m'a donné des exemples concrets.,"Travail fait en retard, à améliorer."
Présentation 33,L'IA m'a permis de mieux structurer mes phrases.,J'ai passé beaucoup de temps dessus.
Projet,J'ai utilisé l'IA pour vérifier la grammaire.,J'ai passé beaucoup de temps dessus.
Dissertation - Physique,Je me suis aidé de l'IA pour résumer un texte.,Travail fait rapidement.
Rendu du 17 May 2025,J'ai demandé à l'IA des synonymes pour enrichir mon vocabulaire.,J'ai passé beaucoup de temps dessus.
Rendu du 03 June 2025,L'IA a généré un premier jet que j'ai retravaillé.,J'ai appris beaucoup en le faisant.
Analyse 17,L'IA a généré un premier jet que j'ai retravaillé.,"Premier essai, pas encore au point."
Exposé,J'ai utilisé l'IA pour reformuler mes idées.,J'ai appris beaucoup en le faisant.
Analyse - Info,J'ai utilisé l'IA pour reformuler mes idées.,J'ai eu du mal à comprendre certaines consignes.
Rapport de stage,Je me suis aidé de l'IA pour résumer un texte.,J'ai appris beaucoup en le faisant.
Projet 47,J'ai demandé à l'IA de générer un plan.,À revoir pour la prochaine fois.
Analyse,J'ai utilisé l'IA pour reformuler mes idées.,"Travail fait en retard, à améliorer."
Projet - Physique,J'ai utilisé l'IA pour reformuler mes idées.,J'ai appris beaucoup en le faisant.
Rendu du 10 October 2022,Je me suis aidé de l'IA pour résumer un texte.,"Travail fait en retard, à améliorer."
Rapport de stage - Physique,L'IA m'a donné des exemples concrets.,J'ai passé beaucoup de temps dessus.
Présentation - Eco,J'ai demandé à l'IA de générer un plan.,"Travail fait en retard, à améliorer."
Rapport de stage - Info,L'IA m'a aidé à clarifier certains concepts.,À discuter avec le professeur.
Présentation,L'IA m'a permis de mieux structurer mes phrases.,"Premier essai, pas encore au point."
Exposé 41,L'IA m'a donné des exemples concrets.,J'ai passé beaucoup de temps dessus.
Exposé,J'ai utilisé l'IA pour reformuler mes idées.,À revoir pour la prochaine fois.
Présentation 16,L'IA m'a aidé à corriger mes fautes d'orthographe.,Travail fait rapidement.
Dissertation 24,L'IA m'a permis de mieux structurer mes phrases.,Pas totalement satisfait du rendu.
Présentation - Philo,J'ai utilisé l'IA pour reformuler mes idées.,À discuter avec le professeur.
Rendu du 16 March 2022,J'ai utilisé l'IA pour reformuler mes idées.,Pas totalement satisfait du rendu.
Présentation - Math,J'ai utilisé l'IA pour reformuler mes idées.,À discuter avec le professeur.
Compte rendu - Philo,J'ai utilisé l'IA pour reformuler mes idées.,"Premier essai, pas encore au point."
Exposé - Math,L'IA m'a aidé à corriger mes fautes d'orthographe.,À discuter avec le professeur.
Projet - Philo,L'IA m'a aidé à corriger mes fautes d'orthographe.,J'ai appris beaucoup en le faisant.
Rendu du 13 August 2025,J'ai utilisé l'IA pour reformuler mes idées.,Travail fait rapidement.
Exposé - Philo,J'ai demandé à l'IA des synonymes pour enrichir mon vocabulaire.,"Premier essai, pas encore au point."
Projet 42,L'IA m'a aidé à corriger mes fautes d'orthographe.,J'ai appris beaucoup en le faisant.
Synthèse 7,L'IA m'a aidé à corriger mes fautes d'orthographe.,J'ai passé beaucoup de temps dessus.
Compte rendu - Eco,L'IA m'a permis de mieux structurer mes phrases.,"Premier essai, pas encore au point."
Présentation,J'ai demandé à l'IA de générer un plan.,J'ai appris beaucoup en le faisant.
Dissertation - Math,L'IA m'a permis de mieux structurer mes phrases.,Pas totalement satisfait du rendu.
Analyse,L'IA m'a permis de mieux structurer mes phrases.,"Travail fait en retard, à améliorer."
Dissertation 9,L'IA m'a aidé à corriger mes fautes d'orthographe.,Je pense que je peux faire mieux.
Exposé 31,L'IA m'a aidé à corriger mes fautes d'orthographe.,J'ai appris beaucoup en le faisant.
Mémoire,J'ai demandé à l'IA de générer un plan.,J'ai passé beaucoup de temps dessus.
Analyse 39,L'IA m'a donné des exemples concrets.,"Travail fait en retard, à améliorer."
Présentation - Philo,J'ai utilisé l'IA pour vérifier la grammaire.,À discuter avec le professeur.
Dissertation 44,L'IA m'a donné des exemples concrets.,Travail fait rapidement.
Dissertation - Math,J'ai demandé à l'IA des synonymes pour enrichir mon vocabulaire.,À discuter avec le professeur.
Synthèse - Philo,J'ai utilisé l'IA pour reformuler mes idées.,J'ai passé beaucoup de temps dessus.
Rendu du 14 August 2024,J'ai utilisé l'IA pour reformuler mes idées.,Je pense que je peux faire mieux.
Compte rendu - Physique,L'IA m'a aidé à corriger mes fautes d'orthographe.,"Travail fait en retard, à améliorer."
Rendu du 10 October 2023,J'ai demandé à l'IA des synonymes pour enrichir mon vocabulaire.,Pas totalement satisfait du rendu.
Exposé - Eco,L'IA m'a aidé à clarifier certains concepts.,Travail fait rapidement.
Dissertation - Math,L'IA m'a aidé à corriger mes fautes d'orthographe.,Travail fait rapidement.
Mémoire,L'IA m'a donné des exemples concrets.,Travail fait rapidement.
Mémoire 44,L'IA m'a donné des exemples concrets.,À revoir pour la prochaine fois.
Mémoire,Je me suis aidé de l'IA pour résumer un texte.,"Premier essai, pas encore au point."
Dissertation,L'IA m'a permis de mieux structurer mes phrases.,Travail fait rapidement.
Synthèse,J'ai utilisé l'IA pour vérifier la grammaire.,J'ai passé beaucoup de temps dessus.
Dissertation - Physique,Je me suis aidé de l'IA pour résumer un texte.,"Travail fait en retard, à améliorer."
Compte rendu 4,Je me suis aidé de l'IA pour résumer un texte.,Pas totalement satisfait du rendu.
Dissertation - Physique,J'ai utilisé l'IA pour reformuler mes idées.,J'ai eu du mal à comprendre certaines consignes.
Analyse 9,L'IA m'a donné des exemples concrets.,À revoir pour la prochaine fois.
Rapport de stage,J'ai utilisé l'IA pour reformuler mes idées.,J'ai eu du mal à comprendre certaines consignes.
Rapport de stage - Eco,Je me suis aidé de l'IA pour résumer un texte.,Pas totalement satisfait du rendu.
Exposé - Physique,L'IA m'a permis de mieux structurer mes phrases.,Travail fait rapidement.
Projet,L'IA m'a donné des exemples concrets.,À revoir pour la prochaine fois.
Compte rendu,J'ai utilisé l'IA pour reformuler mes idées.,Je pense que je peux faire mieux.
Synthèse 12,J'ai demandé à l'IA de générer un plan.,Je pense que je peux faire mieux.
Mémoire,L'IA m'a aidé à clarifier certains concepts.,Je pense que je peux faire mieux.
Analyse,J'ai utilisé l'IA pour vérifier la grammaire.,J'ai eu du mal à comprendre certaines consignes.
Projet - Physique,L'IA m'a donné des exemples concrets.,Travail fait rapidement.
Analyse,L'IA m'a aidé à corriger mes fautes d'orthographe.,J'ai passé beaucoup de temps dessus.
Présentation 20,L'IA m'a aidé à clarifier certains concepts.,Pas totalement satisfait du rendu.
Analyse 14,L'IA m'a aidé à corriger mes fautes d'orthographe.,À revoir pour la prochaine fois.
Dissertation - Info,L'IA m'a aidé à corriger mes fautes d'orthographe.,J'ai passé beaucoup de temps dessus.
Compte rendu - Math,L'IA m'a aidé à clarifier certains concepts.,À revoir pour la prochaine fois.
Analyse - Eco,J'ai demandé à l'IA de générer un plan.,J'ai passé beaucoup de temps dessus.
Projet 41,Je me suis aidé de l'IA pour résumer un texte.,Travail fait rapidement.
Dissertation - Math,L'IA m'a aidé à corriger mes fautes d'orthographe.,Je pense que je peux faire mieux.
Rendu du 26 September 2022,J'ai demandé à l'IA de générer un plan.,Travail fait rapidement.
Rapport de stage 38,L'IA m'a aidé à corriger mes fautes d'orthographe.,"Premier essai, pas encore au point."
Analyse,J'ai demandé à l'IA de générer un plan.,J'ai appris beaucoup en le faisant.
Exposé - Info,L'IA m'a permis de mieux structurer mes phrases.,À revoir pour la prochaine fois.
Exposé,L'IA m'a permis de mieux structurer mes phrases.,Je pense que je peux faire mieux.
Rapport de stage - Info,Je me suis aidé de l'IA pour résumer un texte.,"Travail fait en retard, à améliorer."
Analyse - Eco,J'ai demandé à l'IA des synonymes pour enrichir mon vocabulaire.,À discuter avec le professeur.
Compte rendu - Info,J'ai demandé à l'IA des synonymes pour enrichir mon vocabulaire.,J'ai passé beaucoup de temps dessus.
Rendu du 30 May 2022,J'ai utilisé l'IA pour vérifier la grammaire.,"Travail fait en retard, à améliorer."
Compte rendu,L'IA m'a donné des exemples concrets.,À discuter avec le professeur.
Synthèse - Info,L'IA m'a donné des exemples concrets.,"Premier essai, pas encore au point."
Exposé 13,J'ai demandé à l'IA de générer un plan.,À discuter avec le professeur.
Rapport de stage 43,L'IA m'a donné des exemples concrets.,À discuter avec le professeur.
Synthèse,J'ai demandé à l'IA des synonymes pour enrichir mon vocabulaire.,J'ai eu du mal à comprendre certaines consignes.
Rapport de stage - Physique,L'IA m'a permis de mieux structurer mes phrases.,À discuter avec le professeur.
Présentation 30,J'ai utilisé l'IA pour reformuler mes idées.,Je pense que je peux faire mieux.
Analyse 12,L'IA a généré un premier jet que j'ai retravaillé.,"Premier essai, pas encore au point."
Dissertation 7,J'ai utilisé l'IA pour vérifier la grammaire.,À revoir pour la prochaine fois.
Dissertation,L'IA m'a donné des exemples concrets.,J'ai appris beaucoup en le faisant.
Compte rendu - Physique,L'IA m'a donné des exemples concrets.,J'ai appris beaucoup en le faisant.
Analyse,J'ai demandé à l'IA de générer un plan.,J'ai appris beaucoup en le faisant.
Exposé,L'IA a généré un premier jet que j'ai retravaillé.,"Travail fait en retard, à améliorer."
Synthèse - Philo,L'IA m'a donné des exemples concrets.,"Travail fait en retard, à améliorer."
Synthèse 36,L'IA m'a aidé à clarifier certains concepts.,J'ai eu du mal à comprendre certaines consignes.
Exposé,L'IA m'a donné des exemples concrets.,Je pense que je peux faire mieux.
Rapport de stage - Math,J'ai utilisé l'IA pour reformuler mes idées.,À revoir pour la prochaine fois.
Projet - Math,L'IA m'a aidé à clarifier certains concepts.,À revoir pour la prochaine fois.
Présentation 27,J'ai demandé à l'IA des synonymes pour enrichir mon vocabulaire.,J'ai appris beaucoup en le faisant.
Rapport de stage 17,J'ai demandé à l'IA de générer un plan.,À revoir pour la prochaine fois.
Analyse,J'ai utilisé l'IA pour reformuler mes idées.,À revoir pour la prochaine fois.
Projet,J'ai utilisé l'IA pour vérifier la grammaire.,Travail fait rapidement.
Analyse - Info,J'ai utilisé l'IA pour reformuler mes idées.,Je pense que je peux faire mieux.
Rendu du 14 November 2025,L'IA a généré un premier jet que j'ai retravaillé.,J'ai appris beaucoup en le faisant.
Synthèse - Info,L'IA a généré un premier jet que j'ai retravaillé.,"Travail fait en retard, à améliorer."
Projet,J'ai demandé à l'IA des synonymes pour enrichir mon vocabulaire.,Je pense que je peux faire mieux.
Analyse - Philo,L'IA m'a aidé à clarifier certains concepts.,Pas totalement satisfait du rendu.
Rapport de stage 41,L'IA a généré un premier jet que j'ai retravaillé.,J'ai eu du mal à comprendre certaines consignes.
Compte rendu,L'IA m'a aidé à clarifier certains concepts.,J'ai eu du mal à comprendre certaines consignes.
Rendu du 25 January 2025,L'IA m'a aidé à corriger mes fautes d'orthographe.,À discuter avec le professeur.
Synthèse,J'ai utilisé l'IA pour vérifier la grammaire.,Travail fait rapidement.
Rapport de stage 45,J'ai demandé à l'IA des synonymes pour enrichir mon vocabulaire.,"Travail fait en retard, à améliorer."
Synthèse,L'IA m'a aidé à clarifier certains concepts.,Je pense que je peux faire mieux.
Dissertation - Math,J'ai utilisé l'IA pour vérifier la grammaire.,J'ai passé beaucoup de temps dessus.
Exposé,Je me suis aidé de l'IA pour résumer un texte.,À discuter avec le professeur.
Synthèse - Math,Je me suis aidé de l'IA pour résumer un texte.,À revoir pour la prochaine fois.
Rapport de stage 46,J'ai utilisé l'IA pour reformuler mes idées.,À discuter avec le professeur.
Rendu du 08 October 2023,L'IA a généré un premier jet que j'ai retravaillé.,Travail fait rapidement.
Projet 35,J'ai utilisé l'IA pour vérifier la grammaire.,Travail fait rapidement.
Synthèse,L'IA m'a donné des exemples concrets.,J'ai appris beaucoup en le faisant.
Dissertation,J'ai utilisé l'IA pour reformuler mes idées.,À discuter avec le professeur.
Rendu du 11 January 2024,L'IA m'a donné des exemples concrets.,À revoir pour la prochaine fois.
Synthèse,J'ai utilisé l'IA pour vérifier la grammaire.,J'ai appris beaucoup en le faisant.
Rendu du 17 October 2022,L'IA m'a aidé à corriger mes fautes d'orthographe.,À revoir pour la prochaine fois.
Mémoire - Info,L'IA a généré un premier jet que j'ai retravaillé.,J'ai appris beaucoup en le faisant.
Compte rendu 26,J'ai utilisé l'IA pour vérifier la grammaire.,"Premier essai, pas encore au point."
Analyse - Math,L'IA a généré un premier jet que j'ai retravaillé.,J'ai passé beaucoup de temps dessus.
Mémoire 6,J'ai utilisé l'IA pour vérifier la grammaire.,"Travail fait en retard, à améliorer."
Synthèse,J'ai demandé à l'IA de générer un plan.,"Travail fait en retard, à améliorer."
Rapport de stage 24,L'IA m'a aidé à clarifier certains concepts.,À revoir pour la prochaine fois.
Compte rendu,J'ai utilisé l'IA pour reformuler mes idées.,À discuter avec le professeur.
Projet 37,L'IA m'a permis de mieux structurer mes phrases.,"Travail fait en retard, à améliorer."
Analyse - Eco,L'IA m'a permis de mieux structurer mes phrases.,"Premier essai, pas encore au point."
Analyse,J'ai demandé à l'IA de générer un plan.,Pas totalement satisfait du rendu.
Projet,L'IA m'a permis de mieux structurer mes phrases.,J'ai eu du mal à comprendre certaines consignes.
Rapport de stage - Info,L'IA m'a aidé à clarifier certains concepts.,Travail fait rapidement.
Synthèse,L'IA m'a aidé à clarifier certains concepts.,"Premier essai, pas encore au point."
Rapport de stage 45,L'IA m'a donné des exemples concrets.,J'ai eu du mal à comprendre certaines consignes.
Rendu du 01 July 2022,L'IA m'a permis de mieux structurer mes phrases.,J'ai appris beaucoup en le faisant.
Projet,L'IA m'a aidé à corriger mes fautes d'orthographe.,Travail fait rapidement.
Rendu du 14 April 2022,L'IA m'a aidé à clarifier certains concepts.,Pas totalement satisfait du rendu.
Synthèse 18,J'ai demandé à l'IA des synonymes pour enrichir mon vocabulaire.,"Premier essai, pas encore au point."
Analyse,L'IA m'a aidé à corriger mes fautes d'orthographe.,J'ai passé beaucoup de temps dessus.
Mémoire 22,L'IA m'a permis de mieux structurer mes phrases.,J'ai eu du mal à comprendre certaines consignes.
Exposé 43,L'IA m'a aidé à clarifier certains concepts.,Pas totalement satisfait du rendu.
Exposé 14,J'ai utilisé l'IA pour vérifier la grammaire.,Je pense que je peux faire mieux.
Mémoire,L'IA m'a aidé à corriger mes fautes d'orthographe.,J'ai appris beaucoup en le faisant.
Rapport de stage 30,J'ai utilisé l'IA pour reformuler mes idées.,À discuter avec le professeur.
Exposé - Philo,L'IA a généré un premier jet que j'ai retravaillé.,J'ai eu du mal à comprendre certaines consignes.
Dissertation 35,L'IA m'a aidé à clarifier certains concepts.,Travail fait rapidement.
Rapport de stage,L'IA m'a aidé à clarifier certains concepts.,J'ai appris beaucoup en le faisant.
Dissertation - Math,J'ai utilisé l'IA pour reformuler mes idées.,Travail fait rapidement.
Synthèse,J'ai demandé à l'IA des synonymes pour enrichir mon vocabulaire.,"Premier essai, pas encore au point."
Exposé - Eco,J'ai utilisé l'IA pour vérifier la grammaire.,"Premier essai, pas encore au point."
Mémoire,L'IA m'a permis de mieux structurer mes phrases.,Travail fait rapidement.
Rapport de stage - Info,L'IA m'a permis de mieux structurer mes phrases.,Pas totalement satisfait du rendu.
Compte rendu 16,J'ai demandé à l'IA de générer un plan.,Travail fait rapidement.
Rapport de stage,Je me suis aidé de l'IA pour résumer un texte.,Pas totalement satisfait du rendu.
Synthèse - Info,L'IA a généré un premier jet que j'ai retravaillé.,J'ai eu du mal à comprendre certaines consignes.
Présentation,Je me suis aidé de l'IA pour résumer un texte.,Je pense que je peux faire mieux.
Projet 1,L'IA a généré un premier jet que j'ai retravaillé.,Pas totalement satisfait du rendu.
Analyse 10,J'ai demandé à l'IA de générer un plan.,Travail fait rapidement.
Synthèse - Info,J'ai utilisé l'IA pour reformuler mes idées.,J'ai eu du mal à comprendre certaines consignes.
Analyse - Physique,J'ai demandé à l'IA des synonymes pour enrichir mon vocabulaire.,J'ai passé beaucoup de temps dessus.
Rapport de stage 11,L'IA m'a aidé à corriger mes fautes d'orthographe.,Je pense que je peux faire mieux.
Projet 46,L'IA a généré un premier jet que j'ai retravaillé.,Je pense que je peux faire mieux.
Mémoire 13,L'IA m'a aidé à corriger mes fautes d'orthographe.,Pas totalement satisfait du rendu.
Exposé,L'IA a généré un premier jet que j'ai retravaillé.,Travail fait rapidement.
Projet 34,J'ai demandé à l'IA de générer un plan.,J'ai eu du mal à comprendre certaines consignes.
Présentation 29,J'ai utilisé l'IA pour vérifier la grammaire.,J'ai eu du mal à comprendre certaines consignes.
Exposé - Info,L'IA m'a aidé à clarifier certains concepts.,Je pense que je peux faire mieux.
Projet - Physique,J'ai utilisé l'IA pour vérifier la grammaire.,Je pense que je peux faire mieux.
Compte rendu 43,Je me suis aidé de l'IA pour résumer un texte.,"Premier essai, pas encore au point."
Projet,J'ai utilisé l'IA pour vérifier la grammaire.,"Travail fait en retard, à améliorer."
Dissertation,L'IA m'a donné des exemples concrets.,"Premier essai, pas encore au point."
Projet - Info,L'IA m'a permis de mieux structurer mes phrases.,À revoir pour la prochaine fois.
Analyse 27,J'ai utilisé l'IA pour reformuler mes idées.,Je pense que je peux faire mieux.
Exposé 19,Je me suis aidé de l'IA pour résumer un texte.,À revoir pour la prochaine fois.
Rapport de stage,J'ai utilisé l'IA pour reformuler mes idées.,Travail fait rapidement.
Exposé,J'ai utilisé l'IA pour reformuler mes idées.,J'ai appris beaucoup en le faisant.
Compte rendu,L'IA m'a donné des exemples concrets.,Pas totalement satisfait du rendu.
Rapport de stage 30,L'IA m'a donné des exemples concrets.,Je pense que je peux faire mieux.
Exposé,J'ai utilisé l'IA pour vérifier la grammaire.,"Premier essai, pas encore au point."
Rendu du 15 March 2025,L'IA m'a aidé à clarifier certains concepts.,Travail fait rapidement.
Rapport de stage - Info,L'IA a généré un premier jet que j'ai retravaillé.,"Travail fait en retard, à améliorer."
Rendu du 27 May 2025,L'IA m'a aidé à corriger mes fautes d'orthographe.,J'ai passé beaucoup de temps dessus.
Exposé,L'IA m'a permis de mieux structurer mes phrases.,Travail fait rapidement.
Dissertation 9,L'IA m'a aidé à corriger mes fautes d'orthographe.,À revoir pour la prochaine fois.
Présentation,L'IA m'a permis de mieux structurer mes phrases.,"Travail fait en retard, à améliorer."
Dissertation,J'ai demandé à l'IA de générer un plan.,À discuter avec le professeur.
Synthèse - Math,J'ai demandé à l'IA de générer un plan.,Travail fait rapidement.
Mémoire,J'ai demandé à l'IA des synonymes pour enrichir mon vocabulaire.,"Travail fait en retard, à améliorer."
Analyse,J'ai demandé à l'IA de générer un plan.,À revoir pour la prochaine fois.
Rapport de stage,L'IA m'a aidé à clarifier certains concepts.,J'ai eu du mal à comprendre certaines consignes.
Mémoire 28,J'ai utilisé l'IA pour reformuler mes idées.,J'ai passé beaucoup de temps dessus.
Rapport de stage,J'ai utilisé l'IA pour vérifier la grammaire.,J'ai eu du mal à comprendre certaines consignes.
Synthèse - Philo,J'ai utilisé l'IA pour vérifier la grammaire.,Je pense que je peux faire mieux.
Rapport de stage 40,L'IA m'a permis de mieux structurer mes phrases.,Travail fait rapidement.
Rendu du 08 June 2022,L'IA m'a aidé à clarifier certains concepts.,J'ai appris beaucoup en le faisant.
Exposé 28,Je me suis aidé de l'IA pour résumer un texte.,Je pense que je peux faire mieux.
Rendu du 20 April 2025,J'ai utilisé l'IA pour reformuler mes idées.,J'ai eu du mal à comprendre certaines consignes.
Analyse 28,J'ai demandé à l'IA des synonymes pour enrichir mon vocabulaire.,À discuter avec le professeur.
Rapport de stage 23,J'ai demandé à l'IA de générer un plan.,"Premier essai, pas encore au point."
Présentation 6,L'IA m'a aidé à clarifier certains concepts.,Pas totalement satisfait du rendu.
Compte rendu - Info,J'ai demandé à l'IA des synonymes pour enrichir mon vocabulaire.,"Premier essai, pas encore au point."
Rapport de stage - Physique,J'ai utilisé l'IA pour vérifier la grammaire.,Pas totalement satisfait du rendu.
Compte rendu - Info,J'ai utilisé l'IA pour vérifier la grammaire.,Je pense que je peux faire mieux.
Analyse 30,L'IA a généré un premier jet que j'ai retravaillé.,À revoir pour la prochaine fois.
Analyse 44,J'ai utilisé l'IA pour vérifier la grammaire.,J'ai passé beaucoup de temps dessus.
Rendu du 02 January 2024,L'IA a généré un premier jet que j'ai retravaillé.,J'ai appris beaucoup en le faisant.
Mémoire,L'IA m'a aidé à corriger mes fautes d'orthographe.,J'ai appris beaucoup en le faisant.
Compte rendu 30,J'ai utilisé l'IA pour vérifier la grammaire.,Je pense que je peux faire mieux.
Dissertation,L'IA m'a aidé à corriger mes fautes d'orthographe.,J'ai eu du mal à comprendre certaines consignes.
Rapport de stage 30,J'ai utilisé l'IA pour reformuler mes idées.,À revoir pour la prochaine fois.
Projet - Eco,J'ai utilisé l'IA pour reformuler mes idées.,Je pense que je peux faire mieux.
Rendu du 30 August 2025,J'ai demandé à l'IA de générer un plan.,J'ai passé beaucoup de temps dessus.
Rendu du 09 September 2024,L'IA m'a aidé à corriger mes fautes d'orthographe.,À discuter avec le professeur.
Analyse - Eco,L'IA m'a aidé à corriger mes fautes d'orthographe.,Je pense que je peux faire mieux.
Exposé,L'IA m'a permis de mieux structurer mes phrases.,J'ai passé beaucoup de temps dessus.
Mémoire - Math,J'ai demandé à l'IA de générer un plan.,Pas totalement satisfait du rendu.
Rendu du 08 August 2022,J'ai demandé à l'IA des synonymes pour enrichir mon vocabulaire.,À revoir pour la prochaine fois.
Rendu du 08 June 2023,Je me suis aidé de l'IA pour résumer un texte.,J'ai passé beaucoup de temps dessus.
Présentation 12,J'ai demandé à l'IA de générer un plan.,À revoir pour la prochaine fois.
Présentation 50,J'ai utilisé l'IA pour vérifier la grammaire.,Travail fait rapidement.
Analyse 8,J'ai demandé à l'IA de générer un plan.,Travail fait rapidement.
Compte rendu 24,L'IA m'a aidé à clarifier certains concepts.,Je pense que je peux faire mieux.
Mémoire,L'IA m'a aidé à corriger mes fautes d'orthographe.,Pas totalement satisfait du rendu.
Synthèse 18,L'IA a généré un premier jet que j'ai retravaillé.,J'ai appris beaucoup en le faisant.
Mémoire,J'ai demandé à l'IA de générer un plan.,Je pense que je peux faire mieux.
Analyse,L'IA a généré un premier jet que j'ai retravaillé.,J'ai appris beaucoup en le faisant.
Projet,L'IA a généré un premier jet que j'ai retravaillé.,J'ai eu du mal à comprendre certaines consignes.
Projet,L'IA m'a permis de mieux structurer mes phrases.,Travail fait rapidement.
Synthèse 1,J'ai utilisé l'IA pour vérifier la grammaire.,J'ai eu du mal à comprendre certaines consignes.
Rendu du 23 May 2025,J'ai utilisé l'IA pour vérifier la grammaire.,Je pense que je peux faire mieux.
Dissertation 43,J'ai utilisé l'IA pour vérifier la grammaire.,À discuter avec le professeur.
Analyse - Math,J'ai utilisé l'IA pour reformuler mes idées.,Je pense que je peux faire mieux.
Compte rendu 9,J'ai utilisé l'IA pour reformuler mes idées.,J'ai eu du mal à comprendre certaines consignes.
Rapport de stage 6,J'ai utilisé l'IA pour vérifier la grammaire.,J'ai appris beaucoup en le faisant.
Exposé 48,L'IA m'a donné des exemples concrets.,"Travail fait en retard, à améliorer."
Dissertation,J'ai demandé à l'IA des synonymes pour enrichir mon vocabulaire.,À discuter avec le professeur.
Mémoire - Philo,Je me suis aidé de l'IA pour résumer un texte.,"Premier essai, pas encore au point."
Exposé 4,L'IA m'a permis de mieux structurer mes phrases.,J'ai eu du mal à comprendre certaines consignes.
Mémoire,Je me suis aidé de l'IA pour résumer un texte.,Pas totalement satisfait du rendu.
Mémoire - Math,L'IA m'a aidé à clarifier certains concepts.,Pas totalement satisfait du rendu.
Synthèse,L'IA m'a donné des exemples concrets.,Je pense que je peux faire mieux.
Compte rendu,L'IA m'a permis de mieux structurer mes phrases.,"Travail fait en retard, à améliorer."
Compte rendu,J'ai utilisé l'IA pour vérifier la grammaire.,Travail fait rapidement.
Analyse 8,L'IA m'a aidé à clarifier certains concepts.,Je pense que je peux faire mieux.
Dissertation,L'IA a généré un premier jet que j'ai retravaillé.,Pas totalement satisfait du rendu.
Analyse,J'ai utilisé l'IA pour reformuler mes idées.,J'ai passé beaucoup de temps dessus.
Mémoire - Info,J'ai utilisé l'IA pour vérifier la grammaire.,J'ai appris beaucoup en le faisant.
Exposé,L'IA m'a aidé à corriger mes fautes d'orthographe.,Travail fait rapidement.
Dissertation 4,L'IA a généré un premier jet que j'ai retravaillé.,"Travail fait en retard, à améliorer."
Présentation 1,L'IA m'a permis de mieux structurer mes phrases.,À discuter avec le professeur.
Analyse - Philo,L'IA m'a aidé à corriger mes fautes d'orthographe.,J'ai appris beaucoup en le faisant.
Présentation,J'ai utilisé l'IA pour reformuler mes idées.,Travail fait rapidement.
Présentation 33,Je me suis aidé de l'IA pour résumer un texte.,Travail fait rapidement.
Exposé 28,Je me suis aidé de l'IA pour résumer un texte.,"Premier essai, pas encore au point."
Analyse - Math,J'ai utilisé l'IA pour vérifier la grammaire.,Pas totalement satisfait du rendu.
Rapport de stage 34,L'IA a généré un premier jet que j'ai retravaillé.,J'ai appris beaucoup en le faisant.
Rendu du 22 June 2023,J'ai demandé à l'IA de générer un plan.,J'ai eu du mal à comprendre certaines consignes.
Compte rendu,L'IA m'a donné des exemples concrets.,Pas totalement satisfait du rendu.
Rapport de stage - Info,L'IA m'a permis de mieux structurer mes phrases.,J'ai appris beaucoup en le faisant.
Rapport de stage 48,L'IA a généré un premier jet que j'ai retravaillé.,J'ai eu du mal à comprendre certaines consignes.
Présentation 22,L'IA m'a aidé à clarifier certains concepts.,J'ai appris beaucoup en le faisant.
Présentation,J'ai utilisé l'IA pour vérifier la grammaire.,J'ai eu du mal à comprendre certaines consignes.
Compte rendu 37,Je me suis aidé de l'IA pour résumer un texte.,J'ai eu du mal à comprendre certaines consignes.
Dissertation 40,J'ai demandé à l'IA de générer un plan.,"Travail fait en retard, à améliorer."
Présentation,L'IA m'a aidé à clarifier certains concepts.,À revoir pour la prochaine fois.
Mémoire - Philo,J'ai demandé à l'IA de générer un plan.,"Premier essai, pas encore au point."
Présentation 31,Je me suis aidé de l'IA pour résumer un texte.,"Travail fait en retard, à améliorer."
Dissertation - Math,J'ai utilisé l'IA pour reformuler mes idées.,J'ai appris beaucoup en le faisant.
Synthèse - Physique,J'ai demandé à l'IA de générer un plan.,Travail fait rapidement.
Projet - Info,J'ai demandé à l'IA de générer un plan.,J'ai passé beaucoup de temps dessus.
Projet 21,J'ai utilisé l'IA pour vérifier la grammaire.,"Premier essai, pas encore au point."
Dissertation - Eco,L'IA m'a aidé à corriger mes fautes d'orthographe.,J'ai passé beaucoup de temps dessus.
Rapport de stage,L'IA m'a permis de mieux structurer mes phrases.,Pas totalement satisfait du rendu.
Dissertation,L'IA m'a aidé à clarifier certains concepts.,J'ai passé beaucoup de temps dessus.
Rapport de stage,Je me suis aidé de l'IA pour résumer un texte.,Je pense que je peux faire mieux.
Présentation 32,Je me suis aidé de l'IA pour résumer un texte.,Je pense que je peux faire mieux.
Projet - Eco,L'IA m'a aidé à corriger mes fautes d'orthographe.,"Premier essai, pas encore au point."
Exposé,L'IA m'a donné des exemples concrets.,À revoir pour la prochaine fois.
Dissertation,L'IA a généré un premier jet que j'ai retravaillé.,À discuter avec le professeur.
Projet - Eco,L'IA m'a aidé à clarifier certains concepts.,J'ai appris beaucoup en le faisant.
Projet,L'IA a généré un premier jet que j'ai retravaillé.,À discuter avec le professeur.
Synthèse,L'IA m'a permis de mieux structurer mes phrases.,"Travail fait en retard, à améliorer."
Synthèse - Eco,L'IA m'a permis de mieux structurer mes phrases.,À revoir pour la prochaine fois.
Rendu du 13 October 2023,Je me suis aidé de l'IA pour résumer un texte.,J'ai passé beaucoup de temps dessus.
Rapport de stage,J'ai utilisé l'IA pour reformuler mes idées.,J'ai eu du mal à comprendre certaines consignes.
Rapport de stage - Physique,L'IA m'a donné des exemples concrets.,Je pense que je peux faire mieux.
Rapport de stage 26,J'ai demandé à l'IA de générer un plan.,"Travail fait en retard, à améliorer."
Synthèse 21,J'ai demandé à l'IA de générer un plan.,Pas totalement satisfait du rendu.
Exposé,L'IA a généré un premier jet que j'ai retravaillé.,À discuter avec le professeur.
Compte rendu,J'ai demandé à l'IA des synonymes pour enrichir mon vocabulaire.,J'ai appris beaucoup en le faisant.
Exposé - Info,J'ai demandé à l'IA de générer un plan.,Pas totalement satisfait du rendu.
Compte rendu - Eco,Je me suis aidé de l'IA pour résumer un texte.,J'ai passé beaucoup de temps dessus.
Dissertation - Math,J'ai utilisé l'IA pour reformuler mes idées.,Pas totalement satisfait du rendu.
Analyse,L'IA a généré un premier jet que j'ai retravaillé.,À revoir pour la prochaine fois.
Rapport de stage,Je me suis aidé de l'IA pour résumer un texte.,J'ai passé beaucoup de temps dessus.
Analyse,L'IA m'a aidé à clarifier certains concepts.,J'ai passé beaucoup de temps dessus.
Compte rendu 17,J'ai demandé à l'IA de générer un plan.,Pas totalement satisfait du rendu.
Rendu du 26 February 2025,J'ai demandé à l'IA des synonymes pour enrichir mon vocabulaire.,J'ai appris beaucoup en le faisant.
Exposé - Philo,L'IA m'a aidé à clarifier certains concepts.,À discuter avec le professeur.
Synthèse,L'IA m'a donné des exemples concrets.,À revoir pour la prochaine fois.
Analyse 43,Je me suis aidé de l'IA pour résumer un texte.,"Premier essai, pas encore au point."
Analyse - Info,J'ai utilisé l'IA pour reformuler mes idées.,Pas totalement satisfait du rendu.
Rendu du 11 April 2025,L'IA m'a aidé à corriger mes fautes d'orthographe.,Je pense que je peux faire mieux.
Présentation,J'ai utilisé l'IA pour vérifier la grammaire.,J'ai passé beaucoup de temps dessus.
Présentation 13,J'ai demandé à l'IA des synonymes pour enrichir mon vocabulaire.,À discuter avec le professeur.
Synthèse,J'ai utilisé l'IA pour vérifier la grammaire.,"Premier essai, pas encore au point."
Présentation,L'IA m'a donné des exemples concrets.,"Travail fait en retard, à améliorer."
Exposé - Math,J'ai demandé à l'IA des synonymes pour enrichir mon vocabulaire.,J'ai appris beaucoup en le faisant.
Présentation - Math,J'ai utilisé l'IA pour reformuler mes idées.,J'ai passé beaucoup de temps dessus.
Projet,L'IA m'a aidé à clarifier certains concepts.,"Travail fait en retard, à améliorer."
Dissertation - Info,L'IA m'a permis de mieux structurer mes phrases.,"Premier essai, pas encore au point."
Rapport de stage - Philo,L'IA a généré un premier jet que j'ai retravaillé.,J'ai passé beaucoup de temps dessus.
Dissertation 23,J'ai demandé à l'IA des synonymes pour enrichir mon vocabulaire.,J'ai appris beaucoup en le faisant.
Rendu du 25 October 2023,Je me suis aidé de l'IA pour résumer un texte.,À revoir pour la prochaine fois.
Exposé - Eco,L'IA a généré un premier jet que j'ai retravaillé.,Travail fait rapidement.
Projet,L'IA m'a aidé à corriger mes fautes d'orthographe.,À revoir pour la prochaine fois.
Projet,L'IA m'a aidé à corriger mes fautes d'orthographe.,À revoir pour la prochaine fois.
Projet,J'ai demandé à l'IA de générer un plan.,J'ai appris beaucoup en le faisant.
Rapport de stage - Info,J'ai demandé à l'IA de générer un plan.,J'ai eu du mal à comprendre certaines consignes.
Projet 5,L'IA m'a aidé à clarifier certains concepts.,J'ai appris beaucoup en le faisant.
Exposé 27,L'IA a généré un premier jet que j'ai retravaillé.,J'ai eu du mal à comprendre certaines consignes.
Dissertation,L'IA a généré un premier jet que j'ai retravaillé.,J'ai passé beaucoup de temps dessus.
Dissertation - Info,J'ai utilisé l'IA pour reformuler mes idées.,Je pense que je peux faire mieux.
Exposé 38,L'IA a généré un premier jet que j'ai retravaillé.,À revoir pour la prochaine fois.
Synthèse 18,L'IA m'a permis de mieux structurer mes phrases.,Pas totalement satisfait du rendu.
Synthèse - Math,J'ai utilisé l'IA pour reformuler mes idées.,Je pense que je peux faire mieux.
Synthèse 23,L'IA a généré un premier jet que j'ai retravaillé.,J'ai passé beaucoup de temps dessus.
Rapport de stage 12,L'IA a généré un premier jet que j'ai retravaillé.,J'ai eu du mal à comprendre certaines consignes.
Analyse 10,L'IA a généré un premier jet que j'ai retravaillé.,"Premier essai, pas encore au point."
Projet - Info,L'IA m'a permis de mieux structurer mes phrases.,À discuter avec le professeur.
Compte rendu - Math,J'ai demandé à l'IA des synonymes pour enrichir mon vocabulaire.,"Premier essai, pas encore au point."
Exposé - Philo,L'IA m'a aidé à corriger mes fautes d'orthographe.,J'ai eu du mal à comprendre certaines consignes.
Dissertation,J'ai demandé à l'IA des synonymes pour enrichir mon vocabulaire.,J'ai passé beaucoup de temps dessus.
Mémoire 8,J'ai demandé à l'IA des synonymes pour enrichir mon vocabulaire.,Je pense que je peux faire mieux.
Rapport de stage,J'ai demandé à l'IA de générer un plan.,À discuter avec le professeur.
Présentation,J'ai demandé à l'IA de générer un plan.,"Travail fait en retard, à améliorer."
Projet 2,L'IA m'a permis de mieux structurer mes phrases.,"Premier essai, pas encore au point."
Analyse - Eco,J'ai demandé à l'IA de générer un plan.,Pas totalement satisfait du rendu.
Exposé - Info,J'ai demandé à l'IA des synonymes pour enrichir mon vocabulaire.,Je pense que je peux faire mieux.
Mémoire,J'ai demandé à l'IA des synonymes pour enrichir mon vocabulaire.,J'ai passé beaucoup de temps dessus.
Rapport de stage - Physique,J'ai utilisé l'IA pour reformuler mes idées.,À revoir pour la prochaine fois.
Dissertation 49,L'IA m'a aidé à corriger mes fautes d'orthographe.,À discuter avec le professeur.
Rapport de stage,L'IA m'a donné des exemples concrets.,Je pense que je peux faire mieux.
Analyse,L'IA m'a aidé à corriger mes fautes d'orthographe.,J'ai passé beaucoup de temps dessus.
Rapport de stage,J'ai demandé à l'IA des synonymes pour enrichir mon vocabulaire.,Je pense que je peux faire mieux.
Synthèse 22,L'IA m'a aidé à corriger mes fautes d'orthographe.,"Premier essai, pas encore au point."
Rendu du 20 December 2024,Je me suis aidé de l'IA pour résumer un texte.,"Premier essai, pas encore au point."
Analyse 29,Je me suis aidé de l'IA pour résumer un texte.,J'ai appris beaucoup en le faisant.
Rapport de stage,Je me suis aidé de l'IA pour résumer un texte.,Je pense que je peux faire mieux.
Exposé - Philo,L'IA m'a donné des exemples concrets.,Travail fait rapidement.
Compte rendu 39,Je me suis aidé de l'IA pour résumer un texte.,"Premier essai, pas encore au point."
Exposé - Physique,J'ai demandé à l'IA de générer un plan.,Pas totalement satisfait du rendu.
Présentation 40,Je me suis aidé de l'IA pour résumer un texte.,"Premier essai, pas encore au point."
Exposé,J'ai demandé à l'IA de générer un plan.,"Premier essai, pas encore au point."
Synthèse - Math,J'ai demandé à l'IA des synonymes pour enrichir mon vocabulaire.,À revoir pour la prochaine fois.
Présentation - Info,L'IA m'a aidé à corriger mes fautes d'orthographe.,"Travail fait en retard, à améliorer."
Présentation,J'ai demandé à l'IA des synonymes pour enrichir mon vocabulaire.,À revoir pour la prochaine fois.
Mémoire 7,L'IA m'a aidé à clarifier certains concepts.,"Travail fait en retard, à améliorer."
Présentation 50,Je me suis aidé de l'IA pour résumer un texte.,J'ai passé beaucoup de temps dessus.
Rapport de stage 50,L'IA m'a aidé à clarifier certains concepts.,J'ai passé beaucoup de temps dessus.
Rapport de stage - Eco,J'ai utilisé l'IA pour vérifier la grammaire.,"Travail fait en retard, à améliorer."
Présentation 30,J'ai demandé à l'IA des synonymes pour enrichir mon vocabulaire.,J'ai eu du mal à comprendre certaines consignes.
Exposé - Physique,L'IA m'a aidé à corriger mes fautes d'orthographe.,Je pense que je peux faire mieux.
Synthèse 18,L'IA m'a aidé à clarifier certains concepts.,À revoir pour la prochaine fois.
Dissertation,J'ai utilisé l'IA pour reformuler mes idées.,J'ai passé beaucoup de temps dessus.
Rendu du 14 April 2025,L'IA m'a donné des exemples concrets.,À revoir pour la prochaine fois.
Compte rendu 4,J'ai utilisé l'IA pour reformuler mes idées.,"Travail fait en retard, à améliorer."
Compte rendu,Je me suis aidé de l'IA pour résumer un texte.,Pas totalement satisfait du rendu.
Dissertation,L'IA m'a aidé à clarifier certains concepts.,"Travail fait en retard, à améliorer."
Mémoire,L'IA m'a permis de mieux structurer mes phrases.,J'ai eu du mal à comprendre certaines consignes.
Synthèse,J'ai utilisé l'IA pour reformuler mes idées.,J'ai appris beaucoup en le faisant.
Projet 29,J'ai demandé à l'IA des synonymes pour enrichir mon vocabulaire.,J'ai eu du mal à comprendre certaines consignes.
Analyse - Math,L'IA m'a aidé à corriger mes fautes d'orthographe.,Travail fait rapidement.
Synthèse,L'IA m'a aidé à clarifier certains concepts.,"Travail fait en retard, à améliorer."
Compte rendu,L'IA m'a aidé à corriger mes fautes d'orthographe.,J'ai passé beaucoup de temps dessus.
Présentation 35,L'IA m'a donné des exemples concrets.,À discuter avec le professeur.
Mémoire,Je me suis aidé de l'IA pour résumer un texte.,J'ai eu du mal à comprendre certaines consignes.
Synthèse - Philo,J'ai demandé à l'IA des synonymes pour enrichir mon vocabulaire.,Travail fait rapidement.
Exposé 6,L'IA m'a permis de mieux structurer mes phrases.,Travail fait rapidement.
Synthèse - Philo,J'ai utilisé l'IA pour vérifier la grammaire.,À discuter avec le professeur.
Projet,L'IA m'a permis de mieux structurer mes phrases.,"Travail fait en retard, à améliorer."
Présentation - Eco,J'ai utilisé l'IA pour reformuler mes idées.,À discuter avec le professeur.
Présentation - Philo,J'ai utilisé l'IA pour vérifier la grammaire.,À discuter avec le professeur.
Exposé,L'IA m'a aidé à clarifier certains concepts.,"Premier essai, pas encore au point."
Exposé - Philo,L'IA m'a permis de mieux structurer mes phrases.,Pas totalement satisfait du rendu.
Dissertation 10,L'IA m'a donné des exemples concrets.,"Travail fait en retard, à améliorer."
Compte rendu 46,J'ai demandé à l'IA des synonymes pour enrichir mon vocabulaire.,J'ai appris beaucoup en le faisant.
Compte rendu - Info,L'IA a généré un premier jet que j'ai retravaillé.,Je pense que je peux faire mieux.
Synthèse 20,J'ai utilisé l'IA pour vérifier la grammaire.,"Travail fait en retard, à améliorer."
Projet - Physique,L'IA m'a aidé à corriger mes fautes d'orthographe.,Pas totalement satisfait du rendu.
Compte rendu 20,J'ai demandé à l'IA des synonymes pour enrichir mon vocabulaire.,Je pense que je peux faire mieux.
Analyse,Je me suis aidé de l'IA pour résumer un texte.,J'ai appris beaucoup en le faisant.
Rendu du 18 July 2025,L'IA m'a donné des exemples concrets.,J'ai appris beaucoup en le faisant.
Dissertation 6,L'IA m'a aidé à corriger mes fautes d'orthographe.,À discuter avec le professeur.
Mémoire,J'ai utilisé l'IA pour vérifier la grammaire.,Je pense que je peux faire mieux.
Projet - Physique,J'ai demandé à l'IA de générer un plan.,Travail fait rapidement.
Mémoire 28,L'IA m'a aidé à clarifier certains concepts.,"Travail fait en retard, à améliorer."
Projet - Physique,L'IA m'a permis de mieux structurer mes phrases.,Pas totalement satisfait du rendu.
Compte rendu 22,J'ai demandé à l'IA de générer un plan.,À discuter avec le professeur.
Analyse 4,L'IA m'a aidé à corriger mes fautes d'orthographe.,Travail fait rapidement.
Synthèse 14,Je me suis aidé de l'IA pour résumer un texte.,Pas totalement satisfait du rendu.
Analyse,L'IA m'a aidé à corriger mes fautes d'orthographe.,J'ai appris beaucoup en le faisant.
Présentation,J'ai utilisé l'IA pour vérifier la grammaire.,Je pense que je peux faire mieux.
Synthèse - Philo,Je me suis aidé de l'IA pour résumer un texte.,Je pense que je peux faire mieux.
Présentation - Physique,J'ai utilisé l'IA pour reformuler mes idées.,"Premier essai, pas encore au point."
Projet,L'IA m'a donné des exemples concrets.,J'ai passé beaucoup de temps dessus.
Exposé,L'IA m'a aidé à corriger mes fautes d'orthographe.,J'ai appris beaucoup en le faisant.
Compte rendu,J'ai utilisé l'IA pour reformuler mes idées.,Travail fait rapidement.
Exposé 35,L'IA m'a aidé à clarifier certains concepts.,À discuter avec le professeur.
Rapport de stage - Math,L'IA m'a aidé à clarifier certains concepts.,J'ai appris beaucoup en le faisant.
Rapport de stage,L'IA a généré un premier jet que j'ai retravaillé.,"Premier essai, pas encore au point."
Exposé,J'ai demandé à l'IA des synonymes pour enrichir mon vocabulaire.,"Premier essai, pas encore au point."
Rendu du 20 May 2024,L'IA a généré un premier jet que j'ai retravaillé.,J'ai passé beaucoup de temps dessus.
Rendu du 09 July 2022,J'ai utilisé l'IA pour reformuler mes idées.,"Travail fait en retard, à améliorer."
Rapport de stage - Physique,L'IA m'a donné des exemples concrets.,À revoir pour la prochaine fois.
Synthèse 39,J'ai utilisé l'IA pour reformuler mes idées.,À discuter avec le professeur.
Compte rendu 10,L'IA m'a aidé à clarifier certains concepts.,Je pense que je peux faire mieux.
Mémoire,J'ai demandé à l'IA de générer un plan.,Pas totalement satisfait du rendu.
Présentation 25,J'ai demandé à l'IA des synonymes pour enrichir mon vocabulaire.,À discuter avec le professeur.
Synthèse 24,J'ai utilisé l'IA pour vérifier la grammaire.,J'ai passé beaucoup de temps dessus.
Exposé,L'IA m'a aidé à corriger mes fautes d'orthographe.,J'ai appris beaucoup en le faisant.
Présentation,L'IA m'a donné des exemples concrets.,J'ai eu du mal à comprendre certaines consignes.
Analyse,L'IA m'a donné des exemples concrets.,À discuter avec le professeur.
Projet 1,L'IA m'a aidé à clarifier certains concepts.,"Travail fait en retard, à améliorer."
Dissertation 3,J'ai demandé à l'IA des synonymes pour enrichir mon vocabulaire.,À revoir pour la prochaine fois.
Rapport de stage,Je me suis aidé de l'IA pour résumer un texte.,À revoir pour la prochaine fois.
Rapport de stage,L'IA a généré un premier jet que j'ai retravaillé.,À discuter avec le professeur.
Dissertation,Je me suis aidé de l'IA pour résumer un texte.,À revoir pour la prochaine fois.
Compte rendu - Eco,J'ai demandé à l'IA des synonymes pour enrichir mon vocabulaire.,J'ai passé beaucoup de temps dessus.
Rapport de stage 31,L'IA m'a permis de mieux structurer mes phrases.,J'ai appris beaucoup en le faisant.
Mémoire 42,L'IA m'a aidé à corriger mes fautes d'orthographe.,J'ai passé beaucoup de temps dessus.
Dissertation - Philo,J'ai utilisé l'IA pour vérifier la grammaire.,À revoir pour la prochaine fois.
Exposé 30,J'ai demandé à l'IA de générer un plan.,J'ai passé beaucoup de temps dessus.
Synthèse - Physique,J'ai utilisé l'IA pour vérifier la grammaire.,"Travail fait en retard, à améliorer."
Projet - Info,Je me suis aidé de l'IA pour résumer un texte.,"Premier essai, pas encore au point."
Mémoire,L'IA m'a aidé à clarifier certains concepts.,Travail fait rapidement.
Dissertation,J'ai utilisé l'IA pour reformuler mes idées.,J'ai appris beaucoup en le faisant.
Rendu du 29 June 2024,Je me suis aidé de l'IA pour résumer un texte.,Travail fait rapidement.
Synthèse,L'IA m'a permis de mieux structurer mes phrases.,Travail fait rapidement.
Présentation,L'IA m'a aidé à corriger mes fautes d'orthographe.,À discuter avec le professeur.
Exposé 36,J'ai utilisé l'IA pour vérifier la grammaire.,À discuter avec le professeur.
Compte rendu - Eco,L'IA m'a aidé à corriger mes fautes d'orthographe.,Pas totalement satisfait du rendu.
Mémoire,J'ai demandé à l'IA des synonymes pour enrichir mon vocabulaire.,J'ai appris beaucoup en le faisant.
Analyse 7,Je me suis aidé de l'IA pour résumer un texte.,"Travail fait en retard, à améliorer."
Exposé - Physique,L'IA m'a donné des exemples concrets.,Travail fait rapidement.
Synthèse,L'IA m'a permis de mieux structurer mes phrases.,"Travail fait en retard, à améliorer."
Présentation - Physique,J'ai utilisé l'IA pour vérifier la grammaire.,À revoir pour la prochaine fois.
Projet - Info,L'IA m'a aidé à clarifier certains concepts.,Je pense que je peux faire mieux.
Rendu du 05 April 2023,J'ai utilisé l'IA pour vérifier la grammaire.,J'ai passé beaucoup de temps dessus.
Mémoire,J'ai utilisé l'IA pour reformuler mes idées.,Pas totalement satisfait du rendu.
Rendu du 20 June 2025,J'ai utilisé l'IA pour vérifier la grammaire.,Je pense que je peux faire mieux.
Exposé - Info,L'IA a généré un premier jet que j'ai retravaillé.,J'ai eu du mal à comprendre certaines consignes.
Mémoire 42,Je me suis aidé de l'IA pour résumer un texte.,Je pense que je peux faire mieux.
Analyse - Eco,J'ai utilisé l'IA pour vérifier la grammaire.,À discuter avec le professeur.
Projet - Physique,L'IA m'a permis de mieux structurer mes phrases.,"Travail fait en retard, à améliorer."
Mémoire 17,L'IA m'a donné des exemples concrets.,"Travail fait en retard, à améliorer."
Compte rendu 14,L'IA m'a aidé à clarifier certains concepts.,Travail fait rapidement.
Exposé,J'ai demandé à l'IA des synonymes pour enrichir mon vocabulaire.,"Premier essai, pas encore au point."
Analyse 45,J'ai utilisé l'IA pour reformuler mes idées.,J'ai eu du mal à comprendre certaines consignes.
Compte rendu - Philo,L'IA m'a aidé à clarifier certains concepts.,À revoir pour la prochaine fois.
Mémoire,L'IA m'a aidé à clarifier certains concepts.,À discuter avec le professeur.
Compte rendu 15,Je me suis aidé de l'IA pour résumer un texte.,Je pense que je peux faire mieux.
Synthèse - Eco,J'ai utilisé l'IA pour vérifier la grammaire.,Pas totalement satisfait du rendu.
Exposé 21,J'ai demandé à l'IA de générer un plan.,Pas totalement satisfait du rendu.
Mémoire,J'ai utilisé l'IA pour vérifier la grammaire.,À discuter avec le professeur.
Rendu du 15 October 2022,L'IA m'a aidé à corriger mes fautes d'orthographe.,J'ai passé beaucoup de temps dessus.
Dissertation,L'IA m'a aidé à corriger mes fautes d'orthographe.,"Travail fait en retard, à améliorer."
Projet - Philo,L'IA m'a donné des exemples concrets.,À discuter avec le professeur.
Dissertation 22,J'ai demandé à l'IA des synonymes pour enrichir mon vocabulaire.,Travail fait rapidement.
Synthèse 37,L'IA m'a donné des exemples concrets.,Je pense que je peux faire mieux.
Projet 34,L'IA m'a aidé à clarifier certains concepts.,J'ai appris beaucoup en le faisant.
Synthèse - Math,Je me suis aidé de l'IA pour résumer un texte.,J'ai eu du mal à comprendre certaines consignes.
Dissertation 26,J'ai utilisé l'IA pour reformuler mes idées.,Je pense que je peux faire mieux.
Mémoire - Philo,J'ai demandé à l'IA des synonymes pour enrichir mon vocabulaire.,Je pense que je peux faire mieux.
Mémoire - Eco,L'IA m'a donné des exemples concrets.,J'ai appris beaucoup en le faisant.
Projet - Info,J'ai demandé à l'IA de générer un plan.,J'ai passé beaucoup de temps dessus.
Rendu du 17 June 2023,L'IA m'a donné des exemples concrets.,J'ai appris beaucoup en le faisant.
Analyse,J'ai demandé à l'IA des synonymes pour enrichir mon vocabulaire.,J'ai appris beaucoup en le faisant.
Présentation 1,L'IA a généré un premier jet que j'ai retravaillé.,"Travail fait en retard, à améliorer."
Rapport de stage 21,J'ai demandé à l'IA des synonymes pour enrichir mon vocabulaire.,Travail fait rapidement.
Présentation 23,L'IA m'a aidé à corriger mes fautes d'orthographe.,J'ai appris beaucoup en le faisant.
Analyse 14,J'ai demandé à l'IA des synonymes pour enrichir mon vocabulaire.,Pas totalement satisfait du rendu.
Rendu du 19 September 2023,Je me suis aidé de l'IA pour résumer un texte.,Travail fait rapidement.
Synthèse - Math,L'IA m'a aidé à clarifier certains concepts.,"Travail fait en retard, à améliorer."
Dissertation,J'ai utilisé l'IA pour reformuler mes idées.,Je pense que je peux faire mieux.
Rendu du 24 November 2025,L'IA m'a donné des exemples concrets.,J'ai eu du mal à comprendre certaines consignes.
Rendu du 17 December 2022,Je me suis aidé de l'IA pour résumer un texte.,J'ai eu du mal à comprendre certaines consignes.
Exposé 50,J'ai demandé à l'IA de générer un plan.,À discuter avec le professeur.
Analyse 16,L'IA m'a aidé à corriger mes fautes d'orthographe.,J'ai eu du mal à comprendre certaines consignes.
Rendu du 04 September 2025,Je me suis aidé de l'IA pour résumer un texte.,Travail fait rapidement.
Dissertation - Math,J'ai demandé à l'IA des synonymes pour enrichir mon vocabulaire.,Pas totalement satisfait du rendu.
Mémoire - Info,L'IA m'a donné des exemples concrets.,J'ai appris beaucoup en le faisant.
Dissertation - Info,Je me suis aidé de l'IA pour résumer un texte.,Je pense que je peux faire mieux.
Projet - Physique,J'ai utilisé l'IA pour vérifier la grammaire.,"Premier essai, pas encore au point."
Projet,L'IA a généré un premier jet que j'ai retravaillé.,Travail fait rapidement.
Analyse - Physique,L'IA m'a aidé à clarifier certains concepts.,Pas totalement satisfait du rendu.
Dissertation - Physique,L'IA m'a permis de mieux structurer mes phrases.,J'ai passé beaucoup de temps dessus.
Projet,L'IA m'a aidé à clarifier certains concepts.,Pas totalement satisfait du rendu.
Projet - Philo,Je me suis aidé de l'IA pour résumer un texte.,"Premier essai, pas encore au point."
Exposé - Info,L'IA a généré un premier jet que j'ai retravaillé.,Je pense que je peux faire mieux.
Dissertation,L'IA a généré un premier jet que j'ai retravaillé.,"Travail fait en retard, à améliorer."
Rendu du 02 July 2024,L'IA m'a donné des exemples concrets.,"Premier essai, pas encore au point."
Rapport de stage - Math,J'ai demandé à l'IA de générer un plan.,J'ai appris beaucoup en le faisant.
Dissertation 31,J'ai utilisé l'IA pour vérifier la grammaire.,"Premier essai, pas encore au point."
Dissertation 16,J'ai utilisé l'IA pour vérifier la grammaire.,Je pense que je peux faire mieux.
Analyse,L'IA m'a donné des exemples concrets.,À revoir pour la prochaine fois.
Mémoire 16,L'IA m'a aidé à clarifier certains concepts.,À discuter avec le professeur.
Compte rendu,J'ai utilisé l'IA pour reformuler mes idées.,À discuter avec le professeur.
Dissertation 19,J'ai demandé à l'IA des synonymes pour enrichir mon vocabulaire.,Je pense que je peux faire mieux.
Rendu du 16 April 2025,L'IA m'a donné des exemples concrets.,J'ai passé beaucoup de temps dessus.
Rapport de stage - Philo,J'ai utilisé l'IA pour vérifier la grammaire.,Je pense que je peux faire mieux.
Analyse - Philo,L'IA m'a aidé à corriger mes fautes d'orthographe.,"Premier essai, pas encore au point."
Compte rendu,Je me suis aidé de l'IA pour résumer un texte.,"Travail fait en retard, à améliorer."
Synthèse,L'IA a généré un premier jet que j'ai retravaillé.,"Premier essai, pas encore au point."
Compte rendu 22,L'IA m'a permis de mieux structurer mes phrases.,Je pense que je peux faire mieux.
Dissertation - Philo,J'ai utilisé l'IA pour vérifier la grammaire.,Je pense que je peux faire mieux.
Rapport de stage,L'IA m'a permis de mieux structurer mes phrases.,À revoir pour la prochaine fois.
Mémoire - Physique,L'IA m'a donné des exemples concrets.,"Premier essai, pas encore au point."
Mémoire - Math,Je me suis aidé de l'IA pour résumer un texte.,"Travail fait en retard, à améliorer."
Compte rendu 45,J'ai demandé à l'IA de générer un plan.,À revoir pour la prochaine fois.
Exposé 42,J'ai demandé à l'IA de générer un plan.,J'ai eu du mal à comprendre certaines consignes.
Exposé - Info,L'IA a généré un premier jet que j'ai retravaillé.,J'ai eu du mal à comprendre certaines consignes.
Rapport de stage 48,L'IA m'a aidé à corriger mes fautes d'orthographe.,J'ai appris beaucoup en le faisant.
Analyse 25,L'IA a généré un premier jet que j'ai retravaillé.,À discuter avec le professeur.
Synthèse,J'ai demandé à l'IA des synonymes pour enrichir mon vocabulaire.,J'ai appris beaucoup en le faisant.
Dissertation - Info,L'IA m'a aidé à clarifier certains concepts.,J'ai eu du mal à comprendre certaines consignes.
Analyse 15,J'ai utilisé l'IA pour vérifier la grammaire.,Travail fait rapidement.
Analyse - Physique,L'IA m'a donné des exemples concrets.,Pas totalement satisfait du rendu.
Analyse - Eco,L'IA m'a aidé à clarifier certains concepts.,Je pense que je peux faire mieux.
Rendu du 21 August 2022,Je me suis aidé de l'IA pour résumer un texte.,J'ai eu du mal à comprendre certaines consignes.
Compte rendu 14,J'ai utilisé l'IA pour reformuler mes idées.,"Premier essai, pas encore au point."
Présentation - Info,J'ai demandé à l'IA de générer un plan.,J'ai eu du mal à comprendre certaines consignes.
Projet,J'ai utilisé l'IA pour vérifier la grammaire.,J'ai eu du mal à comprendre certaines consignes.
Synthèse 12,J'ai demandé à l'IA de générer un plan.,Travail fait rapidement.
Compte rendu,J'ai utilisé l'IA pour reformuler mes idées.,J'ai passé beaucoup de temps dessus.
Analyse - Physique,J'ai utilisé l'IA pour vérifier la grammaire.,J'ai passé beaucoup de temps dessus.
Dissertation - Philo,L'IA m'a aidé à clarifier certains concepts.,"Travail fait en retard, à améliorer."
Mémoire,L'IA m'a aidé à corriger mes fautes d'orthographe.,J'ai passé beaucoup de temps dessus.
Mémoire,Je me suis aidé de l'IA pour résumer un texte.,À revoir pour la prochaine fois.
Projet,J'ai utilisé l'IA pour vérifier la grammaire.,À discuter avec le professeur.
Rapport de stage,L'IA m'a permis de mieux structurer mes phrases.,"Travail fait en retard, à améliorer."
Dissertation 15,J'ai demandé à l'IA de générer un plan.,J'ai passé beaucoup de temps dessus.
Rapport de stage - Math,L'IA m'a aidé à corriger mes fautes d'orthographe.,"Premier essai, pas encore au point."
Exposé - Eco,J'ai demandé à l'IA des synonymes pour enrichir mon vocabulaire.,J'ai appris beaucoup en le faisant.
Analyse,L'IA a généré un premier jet que j'ai retravaillé.,Pas totalement satisfait du rendu.
Rapport de stage,Je me suis aidé de l'IA pour résumer un texte.,À discuter avec le professeur.
Rendu du 12 May 2022,Je me suis aidé de l'IA pour résumer un texte.,Travail fait rapidement.
Analyse - Philo,L'IA a généré un premier jet que j'ai retravaillé.,Pas totalement satisfait du rendu.
Présentation 38,L'IA m'a aidé à clarifier certains concepts.,Je pense que je peux faire mieux.
Compte rendu 33,J'ai demandé à l'IA de générer un plan.,À revoir pour la prochaine fois.
Dissertation 40,J'ai utilisé l'IA pour vérifier la grammaire.,Travail fait rapidement.
Rapport de stage,J'ai demandé à l'IA des synonymes pour enrichir mon vocabulaire.,"Travail fait en retard, à améliorer."
Analyse 30,L'IA a généré un premier jet que j'ai retravaillé.,Je pense que je peux faire mieux.
Mémoire,J'ai demandé à l'IA de générer un plan.,"Premier essai, pas encore au point."
Compte rendu 37,J'ai utilisé l'IA pour vérifier la grammaire.,J'ai passé beaucoup de temps dessus.
Synthèse - Eco,L'IA m'a donné des exemples concrets.,À discuter avec le professeur.
Présentation,L'IA a généré un premier jet que j'ai retravaillé.,Travail fait rapidement.
Dissertation - Math,J'ai demandé à l'IA des synonymes pour enrichir mon vocabulaire.,À revoir pour la prochaine fois.
Analyse 40,L'IA m'a permis de mieux structurer mes phrases.,Pas totalement satisfait du rendu.
Compte rendu 38,L'IA m'a aidé à clarifier certains concepts.,À revoir pour la prochaine fois.
Dissertation,L'IA m'a donné des exemples concrets.,J'ai eu du mal à comprendre certaines consignes.
Présentation,L'IA m'a aidé à corriger mes fautes d'orthographe.,"Premier essai, pas encore au point."
Mémoire 23,J'ai demandé à l'IA des synonymes pour enrichir mon vocabulaire.,"Travail fait en retard, à améliorer."
Mémoire - Eco,L'IA m'a permis de mieux structurer mes phrases.,Pas totalement satisfait du rendu.
Analyse,L'IA m'a permis de mieux structurer mes phrases.,J'ai passé beaucoup de temps dessus.
Rapport de stage - Physique,L'IA m'a aidé à corriger mes fautes d'orthographe.,Pas totalement satisfait du rendu.
Mémoire - Math,L'IA m'a permis de mieux structurer mes phrases.,"Premier essai, pas encore au point."
Présentation,L'IA m'a donné des exemples concrets.,J'ai appris beaucoup en le faisant.
Rendu du 23 April 2025,L'IA m'a donné des exemples concrets.,"Travail fait en retard, à améliorer."
Compte rendu - Info,L'IA m'a permis de mieux structurer mes phrases.,Je pense que je peux faire mieux.
Dissertation - Eco,L'IA m'a permis de mieux structurer mes phrases.,Travail fait rapidement.
Compte rendu 19,J'ai utilisé l'IA pour reformuler mes idées.,J'ai appris beaucoup en le faisant.
Synthèse 45,L'IA m'a permis de mieux structurer mes phrases.,Pas totalement satisfait du rendu.
Dissertation - Eco,L'IA m'a aidé à corriger mes fautes d'orthographe.,J'ai appris beaucoup en le faisant.
Présentation - Math,L'IA m'a permis de mieux structurer mes phrases.,Pas totalement satisfait du rendu.
Projet,J'ai utilisé l'IA pour reformuler mes idées.,J'ai appris beaucoup en le faisant.
Rendu du 18 April 2023,J'ai utilisé l'IA pour vérifier la grammaire.,Pas totalement satisfait du rendu.
Synthèse - Philo,L'IA m'a donné des exemples concrets.,À revoir pour la prochaine fois.
Rendu du 29 January 2023,J'ai utilisé l'IA pour vérifier la grammaire.,J'ai passé beaucoup de temps dessus.
Rapport de stage,L'IA m'a permis de mieux structurer mes phrases.,À discuter avec le professeur.
Projet - Philo,L'IA m'a permis de mieux structurer mes phrases.,Pas totalement satisfait du rendu.
Exposé - Eco,J'ai utilisé l'IA pour reformuler mes idées.,Pas totalement satisfait du rendu.
Compte rendu,J'ai demandé à l'IA des synonymes pour enrichir mon vocabulaire.,À discuter avec le professeur.
Rapport de stage 11,J'ai utilisé l'IA pour vérifier la grammaire.,J'ai eu du mal à comprendre certaines consignes.
Projet - Math,L'IA a généré un premier jet que j'ai retravaillé.,"Premier essai, pas encore au point."
Dissertation,L'IA a généré un premier jet que j'ai retravaillé.,J'ai appris beaucoup en le faisant.
Dissertation,Je me suis aidé de l'IA pour résumer un texte.,À revoir pour la prochaine fois.
Mémoire - Info,L'IA m'a permis de mieux structurer mes phrases.,J'ai eu du mal à comprendre certaines consignes.
Projet - Physique,L'IA m'a donné des exemples concrets.,Pas totalement satisfait du rendu.
Synthèse 5,L'IA m'a permis de mieux structurer mes phrases.,"Travail fait en retard, à améliorer."
Rapport de stage 7,L'IA m'a aidé à clarifier certains concepts.,À discuter avec le professeur.
Compte rendu 49,L'IA m'a permis de mieux structurer mes phrases.,Je pense que je peux faire mieux.
Présentation,Je me suis aidé de l'IA pour résumer un texte.,J'ai passé beaucoup de temps dessus.
Compte rendu 33,L'IA m'a donné des exemples concrets.,Travail fait rapidement.
Dissertation - Info,J'ai demandé à l'IA des synonymes pour enrichir mon vocabulaire.,Pas totalement satisfait du rendu.
Rapport de stage 37,J'ai utilisé l'IA pour reformuler mes idées.,Travail fait rapidement.
Rapport de stage 49,J'ai utilisé l'IA pour reformuler mes idées.,Travail fait rapidement.
Compte rendu,Je me suis aidé de l'IA pour résumer un texte.,Pas totalement satisfait du rendu.
Rendu du 15 October 2024,J'ai utilisé l'IA pour reformuler mes idées.,À discuter avec le professeur.
Analyse,J'ai utilisé l'IA pour vérifier la grammaire.,J'ai eu du mal à comprendre certaines consignes.
Mémoire - Physique,J'ai demandé à l'IA de générer un plan.,"Premier essai, pas encore au point."
Synthèse 47,L'IA m'a permis de mieux structurer mes phrases.,Travail fait rapidement.
Analyse - Philo,L'IA a généré un premier jet que j'ai retravaillé.,"Travail fait en retard, à améliorer."
Projet - Info,J'ai demandé à l'IA des synonymes pour enrichir mon vocabulaire.,"Premier essai, pas encore au point."
Présentation,L'IA m'a aidé à clarifier certains concepts.,J'ai eu du mal à comprendre certaines consignes.
Mémoire,L'IA m'a aidé à clarifier certains concepts.,"Travail fait en retard, à améliorer."
Synthèse,J'ai demandé à l'IA de générer un plan.,Je pense que je peux faire mieux.
Compte rendu,L'IA m'a aidé à corriger mes fautes d'orthographe.,"Premier essai, pas encore au point."
Dissertation,J'ai utilisé l'IA pour vérifier la grammaire.,"Premier essai, pas encore au point."
Synthèse,L'IA m'a donné des exemples concrets.,"Travail fait en retard, à améliorer."
Mémoire 31,J'ai demandé à l'IA des synonymes pour enrichir mon vocabulaire.,Travail fait rapidement.
Compte rendu - Physique,L'IA m'a donné des exemples concrets.,"Premier essai, pas encore au point."
Compte rendu - Eco,J'ai utilisé l'IA pour vérifier la grammaire.,"Travail fait en retard, à améliorer."
Projet 2,J'ai demandé à l'IA de générer un plan.,J'ai passé beaucoup de temps dessus.
Projet - Philo,L'IA m'a donné des exemples concrets.,À revoir pour la prochaine fois.
Exposé 14,L'IA m'a permis de mieux structurer mes phrases.,À discuter avec le professeur.
Rapport de stage 27,Je me suis aidé de l'IA pour résumer un texte.,Pas totalement satisfait du rendu.
Mémoire 18,Je me suis aidé de l'IA pour résumer un texte.,À revoir pour la prochaine fois.
Analyse - Philo,L'IA m'a aidé à clarifier certains concepts.,J'ai appris beaucoup en le faisant.
Dissertation,J'ai demandé à l'IA de générer un plan.,À revoir pour la prochaine fois.
Rapport de stage - Philo,L'IA a généré un premier jet que j'ai retravaillé.,À revoir pour la prochaine fois.
Compte rendu - Math,J'ai utilisé l'IA pour reformuler mes idées.,J'ai appris beaucoup en le faisant.
Compte rendu,L'IA m'a aidé à clarifier certains concepts.,Pas totalement satisfait du rendu.
Rendu du 27 December 2023,Je me suis aidé de l'IA pour résumer un texte.,J'ai eu du mal à comprendre certaines consignes.
Rapport de stage,L'IA a généré un premier jet que j'ai retravaillé.,Je pense que je peux faire mieux.
Analyse 25,J'ai utilisé l'IA pour vérifier la grammaire.,Pas totalement satisfait du rendu.
Synthèse - Math,L'IA m'a aidé à clarifier certains concepts.,Pas totalement satisfait du rendu.
Compte rendu,L'IA a généré un premier jet que j'ai retravaillé.,J'ai appris beaucoup en le faisant.
Synthèse,J'ai utilisé l'IA pour vérifier la grammaire.,À discuter avec le professeur.
Dissertation 28,L'IA m'a donné des exemples concrets.,J'ai eu du mal à comprendre certaines consignes.
Mémoire - Eco,J'ai utilisé l'IA pour vérifier la grammaire.,Travail fait rapidement.
Exposé - Physique,J'ai demandé à l'IA de générer un plan.,J'ai eu du mal à comprendre certaines consignes.
Présentation 27,J'ai utilisé l'IA pour reformuler mes idées.,J'ai appris beaucoup en le faisant.
Dissertation - Physique,L'IA m'a aidé à clarifier certains concepts.,"Travail fait en retard, à améliorer."
Dissertation - Philo,J'ai utilisé l'IA pour reformuler mes idées.,Travail fait rapidement.
Dissertation 38,L'IA m'a permis de mieux structurer mes phrases.,J'ai appris beaucoup en le faisant.
Rendu du 09 October 2022,J'ai demandé à l'IA de générer un plan.,À discuter avec le professeur.
Rapport de stage 24,L'IA a généré un premier jet que j'ai retravaillé.,À revoir pour la prochaine fois.
Synthèse,Je me suis aidé de l'IA pour résumer un texte.,J'ai passé beaucoup de temps dessus.
Rapport de stage - Physique,L'IA m'a permis de mieux structurer mes phrases.,À discuter avec le professeur.
Mémoire - Physique,L'IA m'a aidé à corriger mes fautes d'orthographe.,"Premier essai, pas encore au point."
Analyse,Je me suis aidé de l'IA pour résumer un texte.,J'ai appris beaucoup en le faisant.
Compte rendu - Eco,J'ai demandé à l'IA de générer un plan.,"Travail fait en retard, à améliorer."
Dissertation 17,L'IA m'a donné des exemples concrets.,"Premier essai, pas encore au point."
Dissertation,L'IA a généré un premier jet que j'ai retravaillé.,J'ai passé beaucoup de temps dessus.
Rapport de stage - Info,L'IA m'a aidé à corriger mes fautes d'orthographe.,Pas totalement satisfait du rendu.
Dissertation - Math,J'ai demandé à l'IA des synonymes pour enrichir mon vocabulaire.,J'ai eu du mal à comprendre certaines consignes.
Exposé,L'IA m'a donné des exemples concrets.,J'ai eu du mal à comprendre certaines consignes.
Rapport de stage 10,J'ai demandé à l'IA de générer un plan.,Travail fait rapidement.
Analyse 27,J'ai utilisé l'IA pour reformuler mes idées.,Je pense que je peux faire mieux.
Compte rendu,J'ai demandé à l'IA de générer un plan.,Je pense que je peux faire mieux.
Rendu du 08 March 2025,L'IA a généré un premier jet que j'ai retravaillé.,À discuter avec le professeur.
Rapport de stage - Eco,J'ai utilisé l'IA pour reformuler mes idées.,Pas totalement satisfait du rendu.
Compte rendu 13,J'ai demandé à l'IA des synonymes pour enrichir mon vocabulaire.,J'ai eu du mal à comprendre certaines consignes.
Rapport de stage - Philo,L'IA a généré un premier jet que j'ai retravaillé.,À discuter avec le professeur.
Projet 8,L'IA m'a aidé à clarifier certains concepts.,J'ai appris beaucoup en le faisant.
Exposé - Physique,J'ai demandé à l'IA de générer un plan.,Je pense que je peux faire mieux.
Présentation - Philo,L'IA m'a donné des exemples concrets.,"Travail fait en retard, à améliorer."
Projet - Math,Je me suis aidé de l'IA pour résumer un texte.,Je pense que je peux faire mieux.
Dissertation - Info,J'ai utilisé l'IA pour reformuler mes idées.,J'ai eu du mal à comprendre certaines consignes.
Synthèse - Eco,J'ai demandé à l'IA des synonymes pour enrichir mon vocabulaire.,J'ai passé beaucoup de temps dessus.
Projet 43,Je me suis aidé de l'IA pour résumer un texte.,Travail fait rapidement.
Exposé,J'ai utilisé l'IA pour vérifier la grammaire.,J'ai passé beaucoup de temps dessus.
Présentation 38,Je me suis aidé de l'IA pour résumer un texte.,Pas totalement satisfait du rendu.
Exposé - Info,Je me suis aidé de l'IA pour résumer un texte.,"Travail fait en retard, à améliorer."
Présentation 44,L'IA a généré un premier jet que j'ai retravaillé.,J'ai passé beaucoup de temps dessus.
Projet,L'IA m'a donné des exemples concrets.,J'ai passé beaucoup de temps dessus.
Compte rendu,J'ai utilisé l'IA pour vérifier la grammaire.,Travail fait rapidement.
Mémoire - Eco,L'IA m'a donné des exemples concrets.,J'ai appris beaucoup en le faisant.
Présentation 9,L'IA a généré un premier jet que j'ai retravaillé.,À revoir pour la prochaine fois.
Compte rendu 36,L'IA a généré un premier jet que j'ai retravaillé.,J'ai eu du mal à comprendre certaines consignes.
Synthèse,J'ai demandé à l'IA de générer un plan.,Pas totalement satisfait du rendu.
Présentation 5,J'ai demandé à l'IA des synonymes pour enrichir mon vocabulaire.,Je pense que je peux faire mieux.
Analyse,Je me suis aidé de l'IA pour résumer un texte.,À revoir pour la prochaine fois.
Compte rendu - Eco,J'ai utilisé l'IA pour vérifier la grammaire.,Travail fait rapidement.
Synthèse - Eco,J'ai utilisé l'IA pour vérifier la grammaire.,J'ai appris beaucoup en le faisant.
Présentation,L'IA m'a aidé à corriger mes fautes d'orthographe.,J'ai appris beaucoup en le faisant.
Analyse 20,J'ai demandé à l'IA de générer un plan.,Pas totalement satisfait du rendu.
Projet 2,L'IA m'a aidé à clarifier certains concepts.,J'ai passé beaucoup de temps dessus.
Synthèse - Math,L'IA m'a aidé à clarifier certains concepts.,Pas totalement satisfait du rendu.
Compte rendu 23,J'ai utilisé l'IA pour vérifier la grammaire.,"Premier essai, pas encore au point."
Mémoire,L'IA m'a donné des exemples concrets.,Je pense que je peux faire mieux.
Présentation 2,L'IA m'a donné des exemples concrets.,Travail fait rapidement.
Dissertation - Math,L'IA m'a aidé à clarifier certains concepts.,À discuter avec le professeur.
Exposé,L'IA m'a permis de mieux structurer mes phrases.,Je pense que je peux faire mieux.
Analyse 21,L'IA m'a aidé à clarifier certains concepts.,J'ai appris beaucoup en le faisant.
Projet - Physique,L'IA m'a aidé à clarifier certains concepts.,Pas totalement satisfait du rendu.
Projet - Math,L'IA a généré un premier jet que j'ai retravaillé.,"Premier essai, pas encore au point."
Projet,Je me suis aidé de l'IA pour résumer un texte.,"Travail fait en retard, à améliorer."
Analyse,J'ai demandé à l'IA des synonymes pour enrichir mon vocabulaire.,À discuter avec le professeur.
Rapport de stage 35,L'IA m'a permis de mieux structurer mes phrases.,"Premier essai, pas encore au point."
Projet 41,L'IA m'a aidé à clarifier certains concepts.,J'ai passé beaucoup de temps dessus.
Rendu du 15 February 2023,L'IA m'a donné des exemples concrets.,J'ai passé beaucoup de temps dessus.
Projet,J'ai utilisé l'IA pour reformuler mes idées.,J'ai passé beaucoup de temps dessus.
Projet 50,J'ai demandé à l'IA de générer un plan.,Pas totalement satisfait du rendu.
Rendu du 16 December 2025,J'ai utilisé l'IA pour vérifier la grammaire.,J'ai eu du mal à comprendre certaines consignes.
Rendu du 24 June 2025,L'IA m'a aidé à clarifier certains concepts.,À discuter avec le professeur.
Dissertation,Je me suis aidé de l'IA pour résumer un texte.,À revoir pour la prochaine fois.
Rapport de stage 29,Je me suis aidé de l'IA pour résumer un texte.,"Travail fait en retard, à améliorer."
Analyse,J'ai utilisé l'IA pour vérifier la grammaire.,"Travail fait en retard, à améliorer."
Dissertation,L'IA a généré un premier jet que j'ai retravaillé.,Pas totalement satisfait du rendu.
Dissertation 24,L'IA a généré un premier jet que j'ai retravaillé.,Travail fait rapidement.
Rendu du 14 February 2023,L'IA a généré un premier jet que j'ai retravaillé.,"Travail fait en retard, à améliorer."
Compte rendu,L'IA m'a aidé à corriger mes fautes d'orthographe.,"Premier essai, pas encore au point."
Analyse,L'IA a généré un premier jet que j'ai retravaillé.,Pas totalement satisfait du rendu.
Dissertation 24,L'IA m'a permis de mieux structurer mes phrases.,J'ai eu du mal à comprendre certaines consignes.
Mémoire - Info,J'ai utilisé l'IA pour reformuler mes idées.,Pas totalement satisfait du rendu.
Compte rendu,L'IA a généré un premier jet que j'ai retravaillé.,J'ai passé beaucoup de temps dessus.
Synthèse - Philo,L'IA m'a aidé à corriger mes fautes d'orthographe.,"Premier essai, pas encore au point."
Synthèse - Philo,L'IA a généré un premier jet que j'ai retravaillé.,Travail fait rapidement.
Rapport de stage 48,L'IA m'a aidé à corriger mes fautes d'orthographe.,Je pense que je peux faire mieux.
Présentation - Philo,Je me suis aidé de l'IA pour résumer un texte.,"Travail fait en retard, à améliorer."
Exposé,L'IA a généré un premier jet que j'ai retravaillé.,À revoir pour la prochaine fois.
Analyse - Eco,J'ai utilisé l'IA pour vérifier la grammaire.,Travail fait rapidement.
Dissertation 12,L'IA m'a donné des exemples concrets.,À discuter avec le professeur.
Dissertation - Math,Je me suis aidé de l'IA pour résumer un texte.,Je pense que je peux faire mieux.
Rapport de stage - Math,J'ai utilisé l'IA pour vérifier la grammaire.,À revoir pour la prochaine fois.
Analyse,L'IA m'a permis de mieux structurer mes phrases.,À discuter avec le professeur.
Rendu du 29 November 2022,J'ai utilisé l'IA pour reformuler mes idées.,Pas totalement satisfait du rendu.
Exposé 33,J'ai demandé à l'IA de générer un plan.,À revoir pour la prochaine fois.
Mémoire - Philo,J'ai utilisé l'IA pour reformuler mes idées.,Je pense que je peux faire mieux.
Rapport de stage - Philo,Je me suis aidé de l'IA pour résumer un texte.,Pas totalement satisfait du rendu.
Dissertation 5,L'IA m'a aidé à clarifier certains concepts.,"Premier essai, pas encore au point."
Rendu du 03 December 2022,L'IA m'a permis de mieux structurer mes phrases.,J'ai appris beaucoup en le faisant.
Compte rendu - Philo,J'ai demandé à l'IA de générer un plan.,Pas totalement satisfait du rendu.
Dissertation 30,J'ai utilisé l'IA pour reformuler mes idées.,Travail fait rapidement.
Synthèse 7,L'IA m'a permis de mieux structurer mes phrases.,J'ai appris beaucoup en le faisant.
Compte rendu,Je me suis aidé de l'IA pour résumer un texte.,"Premier essai, pas encore au point."
Analyse - Eco,L'IA m'a permis de mieux structurer mes phrases.,À revoir pour la prochaine fois.
Synthèse,L'IA a généré un premier jet que j'ai retravaillé.,Je pense que je peux faire mieux.
Rapport de stage 40,L'IA a généré un premier jet que j'ai retravaillé.,Pas totalement satisfait du rendu.
Projet - Eco,L'IA m'a aidé à corriger mes fautes d'orthographe.,Pas totalement satisfait du rendu.
Rendu du 28 February 2024,L'IA m'a aidé à clarifier certains concepts.,J'ai appris beaucoup en le faisant.
Rendu du 19 May 2024,L'IA m'a aidé à clarifier certains concepts.,Travail fait rapidement.
Présentation - Math,L'IA a généré un premier jet que j'ai retravaillé.,J'ai passé beaucoup de temps dessus.
Synthèse 49,L'IA m'a aidé à clarifier certains concepts.,Pas totalement satisfait du rendu.
Rapport de stage,L'IA a généré un premier jet que j'ai retravaillé.,À revoir pour la prochaine fois.
Rapport de stage 30,J'ai utilisé l'IA pour vérifier la grammaire.,Je pense que je peux faire mieux.
Exposé 43,J'ai utilisé l'IA pour vérifier la grammaire.,Pas totalement satisfait du rendu.
Présentation,L'IA m'a aidé à corriger mes fautes d'orthographe.,J'ai eu du mal à comprendre certaines consignes.
Présentation - Eco,Je me suis aidé de l'IA pour résumer un texte.,Travail fait rapidement.
Présentation - Eco,Je me suis aidé de l'IA pour résumer un texte.,"Travail fait en retard, à améliorer."
Projet 6,J'ai demandé à l'IA des synonymes pour enrichir mon vocabulaire.,J'ai appris beaucoup en le faisant.
Dissertation 10,Je me suis aidé de l'IA pour résumer un texte.,Travail fait rapidement.
Présentation - Eco,J'ai utilisé l'IA pour reformuler mes idées.,J'ai appris beaucoup en le faisant.
Dissertation,L'IA m'a aidé à clarifier certains concepts.,J'ai eu du mal à comprendre certaines consignes.
Dissertation 26,J'ai utilisé l'IA pour vérifier la grammaire.,Pas totalement satisfait du rendu.
Dissertation 31,J'ai utilisé l'IA pour vérifier la grammaire.,Pas totalement satisfait du rendu.
Présentation,L'IA m'a aidé à corriger mes fautes d'orthographe.,J'ai appris beaucoup en le faisant.
Rendu du 15 October 2022,J'ai utilisé l'IA pour vérifier la grammaire.,Pas totalement satisfait du rendu.
Analyse - Math,L'IA m'a donné des exemples concrets.,Pas totalement satisfait du rendu.
Rapport de stage,J'ai utilisé l'IA pour reformuler mes idées.,Travail fait rapidement.
Mémoire - Math,L'IA m'a permis de mieux structurer mes phrases.,Pas totalement satisfait du rendu.
Dissertation - Info,J'ai utilisé l'IA pour reformuler mes idées.,Travail fait rapidement.
Projet - Info,L'IA m'a donné des exemples concrets.,Je pense que je peux faire mieux.
Analyse,L'IA m'a permis de mieux structurer mes phrases.,"Premier essai, pas encore au point."
Mémoire 49,L'IA a généré un premier jet que j'ai retravaillé.,À revoir pour la prochaine fois.
Projet 47,J'ai utilisé l'IA pour reformuler mes idées.,J'ai eu du mal à comprendre certaines consignes.
Présentation 46,J'ai demandé à l'IA des synonymes pour enrichir mon vocabulaire.,À revoir pour la prochaine fois.
Analyse - Math,J'ai demandé à l'IA de générer un plan.,"Travail fait en retard, à améliorer."
Exposé,L'IA m'a permis de mieux structurer mes phrases.,À revoir pour la prochaine fois.
Présentation 8,L'IA a généré un premier jet que j'ai retravaillé.,"Travail fait en retard, à améliorer."
Mémoire,L'IA m'a permis de mieux structurer mes phrases.,À revoir pour la prochaine fois.
Analyse,Je me suis aidé de l'IA pour résumer un texte.,"Premier essai, pas encore au point."
Analyse,L'IA a généré un premier jet que j'ai retravaillé.,Pas totalement satisfait du rendu.
Mémoire 31,L'IA m'a donné des exemples concrets.,À revoir pour la prochaine fois.
Rendu du 28 September 2024,L'IA a généré un premier jet que j'ai retravaillé.,Travail fait rapidement.
Projet 19,L'IA m'a donné des exemples concrets.,À revoir pour la prochaine fois.
Rendu du 03 April 2023,Je me suis aidé de l'IA pour résumer un texte.,J'ai appris beaucoup en le faisant.
Rapport de stage - Philo,L'IA m'a aidé à clarifier certains concepts.,J'ai eu du mal à comprendre certaines consignes.
Compte rendu 43,L'IA m'a donné des exemples concrets.,Je pense que je peux faire mieux.
Rendu du 05 April 2025,J'ai utilisé l'IA pour vérifier la grammaire.,Travail fait rapidement.
Synthèse - Physique,J'ai utilisé l'IA pour vérifier la grammaire.,J'ai appris beaucoup en le faisant.
Compte rendu 32,J'ai utilisé l'IA pour vérifier la grammaire.,À discuter avec le professeur.
Synthèse,Je me suis aidé de l'IA pour résumer un texte.,Pas totalement satisfait du rendu.
Rapport de stage,J'ai utilisé l'IA pour reformuler mes idées.,Pas totalement satisfait du rendu.
Rapport de stage 29,L'IA m'a aidé à corriger mes fautes d'orthographe.,J'ai appris beaucoup en le faisant.
Exposé - Philo,Je me suis aidé de l'IA pour résumer un texte.,Travail fait rapidement.
Synthèse,J'ai demandé à l'IA des synonymes pour enrichir mon vocabulaire.,"Premier essai, pas encore au point."
Dissertation 32,L'IA m'a aidé à corriger mes fautes d'orthographe.,"Travail fait en retard, à améliorer."
Dissertation - Info,L'IA m'a donné des exemples concrets.,Je pense que je peux faire mieux.
Rendu du 08 June 2024,Je me suis aidé de l'IA pour résumer un texte.,À discuter avec le professeur.
Présentation 20,L'IA m'a permis de mieux structurer mes phrases.,Je pense que je peux faire mieux.
Compte rendu,L'IA m'a aidé à clarifier certains concepts.,J'ai passé beaucoup de temps dessus.
Projet - Eco,L'IA m'a donné des exemples concrets.,À revoir pour la prochaine fois.
Rapport de stage,L'IA m'a permis de mieux structurer mes phrases.,"Travail fait en retard, à améliorer."
Compte rendu - Physique,J'ai utilisé l'IA pour reformuler mes idées.,À revoir pour la prochaine fois.
Synthèse - Physique,L'IA a généré un premier jet que j'ai retravaillé.,À discuter avec le professeur.
Présentation,J'ai utilisé l'IA pour vérifier la grammaire.,Je pense que je peux faire mieux.
Rendu du 27 March 2025,L'IA m'a permis de mieux structurer mes phrases.,J'ai appris beaucoup en le faisant.
Synthèse - Info,Je me suis aidé de l'IA pour résumer un texte.,"Travail fait en retard, à améliorer."
Projet - Math,J'ai demandé à l'IA de générer un plan.,J'ai appris beaucoup en le faisant.
Exposé,J'ai utilisé l'IA pour vérifier la grammaire.,Pas totalement satisfait du rendu.
Présentation 7,L'IA m'a aidé à corriger mes fautes d'orthographe.,Je pense que je peux faire mieux.
Mémoire - Eco,L'IA a généré un premier jet que j'ai retravaillé.,J'ai eu du mal à comprendre certaines consignes.
Synthèse - Physique,L'IA m'a permis de mieux structurer mes phrases.,J'ai eu du mal à comprendre certaines consignes.
Mémoire - Physique,Je me suis aidé de l'IA pour résumer un texte.,Pas totalement satisfait du rendu.
Présentation - Philo,L'IA m'a permis de mieux structurer mes phrases.,"Premier essai, pas encore au point."
Exposé 5,Je me suis aidé de l'IA pour résumer un texte.,À discuter avec le professeur.
Mémoire,L'IA m'a aidé à clarifier certains concepts.,À discuter avec le professeur.
Dissertation - Info,J'ai utilisé l'IA pour reformuler mes idées.,J'ai appris beaucoup en le faisant.
Présentation 24,L'IA m'a aidé à corriger mes fautes d'orthographe.,Travail fait rapidement.
Présentation,L'IA m'a donné des exemples concrets.,"Premier essai, pas encore au point."
Présentation,L'IA m'a permis de mieux structurer mes phrases.,"Premier essai, pas encore au point."
Projet - Philo,J'ai demandé à l'IA des synonymes pour enrichir mon vocabulaire.,J'ai eu du mal à comprendre certaines consignes.
Projet 5,L'IA m'a permis de mieux structurer mes phrases.,Travail fait rapidement.
Présentation,J'ai utilisé l'IA pour vérifier la grammaire.,"Premier essai, pas encore au point."
Analyse,J'ai utilisé l'IA pour vérifier la grammaire.,À revoir pour la prochaine fois.
Présentation 4,L'IA m'a donné des exemples concrets.,J'ai eu du mal à comprendre certaines consignes.
Présentation,L'IA m'a donné des exemples concrets.,J'ai appris beaucoup en le faisant.
Mémoire - Math,L'IA a généré un premier jet que j'ai retravaillé.,À discuter avec le professeur.
Exposé 46,L'IA m'a aidé à corriger mes fautes d'orthographe.,"Travail fait en retard, à améliorer."
Rapport de stage 28,J'ai demandé à l'IA de générer un plan.,"Premier essai, pas encore au point."
Mémoire,L'IA m'a aidé à corriger mes fautes d'orthographe.,Pas totalement satisfait du rendu.
Mémoire 19,J'ai demandé à l'IA des synonymes pour enrichir mon vocabulaire.,J'ai passé beaucoup de temps dessus.
Rendu du 01 January 2025,J'ai utilisé l'IA pour reformuler mes idées.,À discuter avec le professeur.
Synthèse - Eco,L'IA m'a permis de mieux structurer mes phrases.,J'ai eu du mal à comprendre certaines consignes.
Dissertation - Physique,J'ai demandé à l'IA de générer un plan.,À revoir pour la prochaine fois.
Mémoire,J'ai utilisé l'IA pour reformuler mes idées.,Pas totalement satisfait du rendu.
Compte rendu - Physique,L'IA m'a donné des exemples concrets.,Je pense que je peux faire mieux.
Synthèse - Physique,L'IA m'a aidé à clarifier certains concepts.,"Travail fait en retard, à améliorer."
Compte rendu,L'IA m'a donné des exemples concrets.,"Premier essai, pas encore au point."
Dissertation - Eco,L'IA m'a donné des exemples concrets.,À discuter avec le professeur.
Rendu du 22 January 2022,L'IA m'a permis de mieux structurer mes phrases.,Travail fait rapidement.
Projet - Math,L'IA m'a aidé à clarifier certains concepts.,Je pense que je peux faire mieux.
Rapport de stage 15,L'IA a généré un premier jet que j'ai retravaillé.,Je pense que je peux faire mieux.
Synthèse 31,L'IA m'a aidé à clarifier certains concepts.,J'ai eu du mal à comprendre certaines consignes.
Projet 13,Je me suis aidé de l'IA pour résumer un texte.,À discuter avec le professeur.
Exposé - Physique,J'ai demandé à l'IA des synonymes pour enrichir mon vocabulaire.,J'ai eu du mal à comprendre certaines consignes.
Rendu du 20 April 2024,J'ai demandé à l'IA de générer un plan.,"Premier essai, pas encore au point."
Mémoire 7,L'IA m'a donné des exemples concrets.,J'ai appris beaucoup en le faisant.
Présentation 16,L'IA m'a aidé à corriger mes fautes d'orthographe.,Pas totalement satisfait du rendu.
Présentation - Math,J'ai demandé à l'IA de générer un plan.,Je pense que je peux faire mieux.
Exposé,L'IA m'a aidé à corriger mes fautes d'orthographe.,"Premier essai, pas encore au point."
Exposé 50,J'ai utilisé l'IA pour vérifier la grammaire.,J'ai eu du mal à comprendre certaines consignes.
Présentation,L'IA m'a aidé à corriger mes fautes d'orthographe.,Je pense que je peux faire mieux.
Rendu du 20 September 2024,J'ai demandé à l'IA de générer un plan.,"Travail fait en retard, à améliorer."
Rapport de stage - Physique,L'IA m'a donné des exemples concrets.,"Travail fait en retard, à améliorer."
Projet - Philo,L'IA m'a permis de mieux structurer mes phrases.,J'ai passé beaucoup de temps dessus.
Rapport de stage 35,L'IA a généré un premier jet que j'ai retravaillé.,À discuter avec le professeur.
Compte rendu,L'IA m'a aidé à corriger mes fautes d'orthographe.,Je pense que je peux faire mieux.
Rapport de stage - Info,J'ai utilisé l'IA pour reformuler mes idées.,"Travail fait en retard, à améliorer."
Compte rendu - Eco,L'IA a généré un premier jet que j'ai retravaillé.,Travail fait rapidement.
Rendu du 01 May 2024,Je me suis aidé de l'IA pour résumer un texte.,À revoir pour la prochaine fois.
Compte rendu,L'IA m'a aidé à clarifier certains concepts.,Pas totalement satisfait du rendu.
Dissertation 48,L'IA a généré un premier jet que j'ai retravaillé.,"Travail fait en retard, à améliorer."
Dissertation 30,L'IA m'a aidé à clarifier certains concepts.,Pas totalement satisfait du rendu.
Présentation 47,L'IA m'a aidé à clarifier certains concepts.,Pas totalement satisfait du rendu.
Analyse - Physique,L'IA m'a permis de mieux structurer mes phrases.,"Premier essai, pas encore au point."
Rapport de stage,J'ai demandé à l'IA de générer un plan.,J'ai appris beaucoup en le faisant.
Présentation,L'IA m'a aidé à clarifier certains concepts.,J'ai appris beaucoup en le faisant.
Synthèse - Info,L'IA a généré un premier jet que j'ai retravaillé.,Travail fait rapidement.
Mémoire - Physique,J'ai utilisé l'IA pour reformuler mes idées.,J'ai eu du mal à comprendre certaines consignes.
Rapport de stage - Eco,Je me suis aidé de l'IA pour résumer un texte.,"Premier essai, pas encore au point."
Compte rendu,J'ai demandé à l'IA de générer un plan.,Pas totalement satisfait du rendu.
Rendu du 24 May 2023,L'IA m'a donné des exemples concrets.,Pas totalement satisfait du rendu.
Exposé 6,L'IA m'a aidé à corriger mes fautes d'orthographe.,Travail fait rapidement.
Mémoire,Je me suis aidé de l'IA pour résumer un texte.,J'ai passé beaucoup de temps dessus.
Exposé 13,J'ai demandé à l'IA de générer un plan.,"Premier essai, pas encore au point."
Projet - Eco,L'IA m'a aidé à corriger mes fautes d'orthographe.,"Travail fait en retard, à améliorer."
Mémoire 23,L'IA m'a aidé à corriger mes fautes d'orthographe.,"Premier essai, pas encore au point."
Compte rendu - Eco,J'ai demandé à l'IA de générer un plan.,À discuter avec le professeur.
Exposé,Je me suis aidé de l'IA pour résumer un texte.,Travail fait rapidement.
Rendu du 07 November 2024,J'ai demandé à l'IA des synonymes pour enrichir mon vocabulaire.,"Premier essai, pas encore au point."
Dissertation 14,J'ai demandé à l'IA des synonymes pour enrichir mon vocabulaire.,Travail fait rapidement.
Analyse,J'ai utilisé l'IA pour vérifier la grammaire.,J'ai passé beaucoup de temps dessus.
Rendu du 25 November 2023,L'IA m'a permis de mieux structurer mes phrases.,J'ai appris beaucoup en le faisant.
Synthèse - Info,L'IA m'a aidé à clarifier certains concepts.,À discuter avec le professeur.
Compte rendu - Eco,J'ai demandé à l'IA de générer un plan.,Pas totalement satisfait du rendu.
Compte rendu - Philo,J'ai utilisé l'IA pour vérifier la grammaire.,J'ai appris beaucoup en le faisant.
Synthèse - Eco,J'ai demandé à l'IA de générer un plan.,J'ai eu du mal à comprendre certaines consignes.
Présentation - Physique,J'ai utilisé l'IA pour vérifier la grammaire.,J'ai appris beaucoup en le faisant.
Synthèse,L'IA m'a aidé à clarifier certains concepts.,À discuter avec le professeur.
Dissertation - Info,L'IA m'a aidé à corriger mes fautes d'orthographe.,"Travail fait en retard, à améliorer."
Analyse,L'IA m'a aidé à corriger mes fautes d'orthographe.,Je pense que je peux faire mieux.
Exposé 22,J'ai demandé à l'IA de générer un plan.,Travail fait rapidement.
Présentation 50,Je me suis aidé de l'IA pour résumer un texte.,Je pense que je peux faire mieux.
Exposé,J'ai utilisé l'IA pour vérifier la grammaire.,À discuter avec le professeur.
Rapport de stage,Je me suis aidé de l'IA pour résumer un texte.,À revoir pour la prochaine fois.
Rendu du 03 August 2025,J'ai demandé à l'IA des synonymes pour enrichir mon vocabulaire.,J'ai passé beaucoup de temps dessus.
Synthèse 4,J'ai demandé à l'IA de générer un plan.,J'ai eu du mal à comprendre certaines consignes.
Exposé,Je me suis aidé de l'IA pour résumer un texte.,À revoir pour la prochaine fois.
Analyse 17,L'IA m'a aidé à corriger mes fautes d'orthographe.,J'ai appris beaucoup en le faisant.
Mémoire,J'ai demandé à l'IA de générer un plan.,J'ai eu du mal à comprendre certaines consignes.
Présentation,L'IA m'a donné des exemples concrets.,À discuter avec le professeur.
Rapport de stage - Philo,L'IA m'a donné des exemples concrets.,J'ai passé beaucoup de temps dessus.
Exposé 17,L'IA m'a donné des exemples concrets.,"Travail fait en retard, à améliorer."
Synthèse 47,L'IA m'a permis de mieux structurer mes phrases.,J'ai passé beaucoup de temps dessus.
Exposé 22,J'ai utilisé l'IA pour vérifier la grammaire.,À discuter avec le professeur.
Compte rendu 42,J'ai utilisé l'IA pour reformuler mes idées.,Je pense que je peux faire mieux.
Projet,L'IA m'a aidé à clarifier certains concepts.,J'ai passé beaucoup de temps dessus.
Rapport de stage,J'ai utilisé l'IA pour reformuler mes idées.,J'ai passé beaucoup de temps dessus.
Analyse - Physique,J'ai demandé à l'IA de générer un plan.,"Travail fait en retard, à améliorer."
Rapport de stage - Philo,J'ai utilisé l'IA pour reformuler mes idées.,J'ai eu du mal à comprendre certaines consignes.
Analyse - Eco,Je me suis aidé de l'IA pour résumer un texte.,Pas totalement satisfait du rendu.
Rendu du 25 April 2022,L'IA m'a donné des exemples concrets.,J'ai passé beaucoup de temps dessus.
Présentation,J'ai demandé à l'IA des synonymes pour enrichir mon vocabulaire.,Pas totalement satisfait du rendu.
Rendu du 25 May 2024,L'IA m'a donné des exemples concrets.,J'ai passé beaucoup de temps dessus.
Présentation,J'ai utilisé l'IA pour reformuler mes idées.,"Premier essai, pas encore au point."
Rendu du 20 July 2023,L'IA m'a permis de mieux structurer mes phrases.,"Premier essai, pas encore au point."
Exposé - Math,L'IA m'a donné des exemples concrets.,Travail fait rapidement.
Exposé,L'IA m'a aidé à clarifier certains concepts.,J'ai passé beaucoup de temps dessus.
Rendu du 07 February 2024,L'IA m'a permis de mieux structurer mes phrases.,Travail fait rapidement.
Analyse 11,L'IA m'a permis de mieux structurer mes phrases.,Travail fait rapidement.
Rapport de stage - Physique,J'ai utilisé l'IA pour vérifier la grammaire.,À revoir pour la prochaine fois.
Mémoire - Eco,J'ai utilisé l'IA pour vérifier la grammaire.,J'ai passé beaucoup de temps dessus.
Synthèse - Info,L'IA m'a permis de mieux structurer mes phrases.,À discuter avec le professeur.
Exposé 34,J'ai demandé à l'IA de générer un plan.,"Premier essai, pas encore au point."
Analyse - Info,L'IA m'a aidé à clarifier certains concepts.,À discuter avec le professeur.
Analyse 4,L'IA a généré un premier jet que j'ai retravaillé.,Pas totalement satisfait du rendu.
Exposé 36,J'ai utilisé l'IA pour vérifier la grammaire.,Pas totalement satisfait du rendu.
Dissertation - Eco,J'ai utilisé l'IA pour reformuler mes idées.,À discuter avec le professeur.
Exposé 41,L'IA m'a aidé à corriger mes fautes d'orthographe.,Je pense que je peux faire mieux.
Compte rendu - Eco,L'IA m'a permis de mieux structurer mes phrases.,J'ai eu du mal à comprendre certaines consignes.
Rendu du 31 August 2024,L'IA a généré un premier jet que j'ai retravaillé.,À discuter avec le professeur.
Rendu du 28 December 2022,L'IA m'a aidé à clarifier certains concepts.,"Premier essai, pas encore au point."
Synthèse - Eco,J'ai demandé à l'IA de générer un plan.,Pas totalement satisfait du rendu.
Analyse 25,J'ai demandé à l'IA des synonymes pour enrichir mon vocabulaire.,"Travail fait en retard, à améliorer."
Rendu du 06 January 2025,J'ai demandé à l'IA de générer un plan.,J'ai eu du mal à comprendre certaines consignes.
Exposé,L'IA m'a aidé à corriger mes fautes d'orthographe.,J'ai eu du mal à comprendre certaines consignes.
Dissertation 29,J'ai demandé à l'IA des synonymes pour enrichir mon vocabulaire.,J'ai passé beaucoup de temps dessus.
Rendu du 04 August 2025,J'ai demandé à l'IA des synonymes pour enrichir mon vocabulaire.,À discuter avec le professeur.
Rapport de stage 37,L'IA m'a aidé à corriger mes fautes d'orthographe.,J'ai appris beaucoup en le faisant.
Dissertation - Physique,J'ai utilisé l'IA pour vérifier la grammaire.,J'ai appris beaucoup en le faisant.
Analyse 2,J'ai utilisé l'IA pour vérifier la grammaire.,J'ai passé beaucoup de temps dessus.
Dissertation 33,L'IA m'a aidé à clarifier certains concepts.,Travail fait rapidement.
Présentation - Eco,J'ai demandé à l'IA des synonymes pour enrichir mon vocabulaire.,Travail fait rapidement.
Exposé 24,J'ai demandé à l'IA des synonymes pour enrichir mon vocabulaire.,Pas totalement satisfait du rendu.
Dissertation - Info,L'IA m'a aidé à clarifier certains concepts.,J'ai appris beaucoup en le faisant.
Mémoire 18,Je me suis aidé de l'IA pour résumer un texte.,À discuter avec le professeur.
Présentation,J'ai demandé à l'IA des synonymes pour enrichir mon vocabulaire.,À discuter avec le professeur.
Exposé 47,L'IA m'a permis de mieux structurer mes phrases.,À discuter avec le professeur.
Compte rendu 11,L'IA a généré un premier jet que j'ai retravaillé.,"Premier essai, pas encore au point."
Mémoire - Info,J'ai utilisé l'IA pour reformuler mes idées.,Je pense que je peux faire mieux.
Compte rendu 8,J'ai demandé à l'IA des synonymes pour enrichir mon vocabulaire.,J'ai appris beaucoup en le faisant.
Rapport de stage,J'ai demandé à l'IA des synonymes pour enrichir mon vocabulaire.,Travail fait rapidement.
Projet - Info,J'ai demandé à l'IA de générer un plan.,J'ai appris beaucoup en le faisant.
Exposé 19,J'ai utilisé l'IA pour reformuler mes idées.,À discuter avec le professeur.
Analyse - Info,L'IA m'a aidé à clarifier certains concepts.,Pas totalement satisfait du rendu.
Mémoire,L'IA a généré un premier jet que j'ai retravaillé.,Travail fait rapidement.
Compte rendu 50,J'ai utilisé l'IA pour vérifier la grammaire.,"Travail fait en retard, à améliorer."
Exposé,J'ai utilisé l'IA pour reformuler mes idées.,À discuter avec le professeur.
Dissertation 45,J'ai utilisé l'IA pour vérifier la grammaire.,J'ai passé beaucoup de temps dessus.
Projet,L'IA m'a permis de mieux structurer mes phrases.,"Travail fait en retard, à améliorer."
Compte rendu 29,Je me suis aidé de l'IA pour résumer un texte.,Je pense que je peux faire mieux.
Présentation 30,Je me suis aidé de l'IA pour résumer un texte.,À revoir pour la prochaine fois.
Analyse 9,L'IA m'a aidé à corriger mes fautes d'orthographe.,À revoir pour la prochaine fois.
Présentation,J'ai demandé à l'IA de générer un plan.,À discuter avec le professeur.
Rapport de stage 36,L'IA a généré un premier jet que j'ai retravaillé.,J'ai appris beaucoup en le faisant.
Dissertation 8,L'IA m'a donné des exemples concrets.,À revoir pour la prochaine fois.
Analyse - Eco,J'ai demandé à l'IA des synonymes pour enrichir mon vocabulaire.,Pas totalement satisfait du rendu.
Compte rendu - Physique,J'ai utilisé l'IA pour reformuler mes idées.,À discuter avec le professeur.
Rapport de stage 19,L'IA m'a aidé à corriger mes fautes d'orthographe.,J'ai appris beaucoup en le faisant.
Rendu du 15 February 2024,Je me suis aidé de l'IA pour résumer un texte.,"Travail fait en retard, à améliorer."
Exposé - Eco,J'ai utilisé l'IA pour vérifier la grammaire.,À revoir pour la prochaine fois.
Mémoire - Physique,L'IA m'a permis de mieux structurer mes phrases.,À revoir pour la prochaine fois.
Projet - Philo,J'ai utilisé l'IA pour reformuler mes idées.,Je pense que je peux faire mieux.
Rendu du 22 August 2024,L'IA m'a aidé à corriger mes fautes d'orthographe.,Travail fait rapidement.
Rapport de stage,L'IA m'a donné des exemples concrets.,J'ai passé beaucoup de temps dessus.
Rendu du 26 March 2024,J'ai demandé à l'IA des synonymes pour enrichir mon vocabulaire.,À discuter avec le professeur.
Rendu du 29 July 2024,J'ai demandé à l'IA de générer un plan.,Je pense que je peux faire mieux.
Présentation - Physique,J'ai utilisé l'IA pour reformuler mes idées.,"Premier essai, pas encore au point."
Dissertation 6,J'ai utilisé l'IA pour reformuler mes idées.,Je pense que je peux faire mieux.
Rapport de stage,J'ai demandé à l'IA des synonymes pour enrichir mon vocabulaire.,J'ai eu du mal à comprendre certaines consignes.
Rapport de stage,J'ai demandé à l'IA de générer un plan.,Travail fait rapidement.
Compte rendu 17,L'IA m'a aidé à corriger mes fautes d'orthographe.,"Travail fait en retard, à améliorer."
Projet 45,L'IA m'a aidé à clarifier certains concepts.,J'ai appris beaucoup en le faisant.
Synthèse - Philo,L'IA m'a donné des exemples concrets.,À revoir pour la prochaine fois.
Rendu du 15 June 2025,Je me suis aidé de l'IA pour résumer un texte.,Travail fait rapidement.
Projet - Eco,J'ai utilisé l'IA pour reformuler mes idées.,Pas totalement satisfait du rendu.
Rapport de stage - Info,L'IA m'a aidé à clarifier certains concepts.,Je pense que je peux faire mieux.
Mémoire 27,L'IA a généré un premier jet que j'ai retravaillé.,À revoir pour la prochaine fois.
Rendu du 17 May 2023,J'ai utilisé l'IA pour vérifier la grammaire.,J'ai eu du mal à comprendre certaines consignes.
Exposé 33,L'IA m'a aidé à corriger mes fautes d'orthographe.,"Premier essai, pas encore au point."
Dissertation - Physique,L'IA m'a donné des exemples concrets.,"Premier essai, pas encore au point."
Projet 4,Je me suis aidé de l'IA pour résumer un texte.,"Premier essai, pas encore au point."
Compte rendu,L'IA m'a permis de mieux structurer mes phrases.,"Premier essai, pas encore au point."
Compte rendu - Eco,L'IA a généré un premier jet que j'ai retravaillé.,Travail fait rapidement.
Exposé,J'ai demandé à l'IA de générer un plan.,J'ai appris beaucoup en le faisant.
Mémoire - Math,L'IA m'a donné des exemples concrets.,À discuter avec le professeur.
Compte rendu 45,J'ai demandé à l'IA des synonymes pour enrichir mon vocabulaire.,"Premier essai, pas encore au point."
Projet - Eco,L'IA m'a permis de mieux structurer mes phrases.,Je pense que je peux faire mieux.
Analyse 48,L'IA m'a aidé à clarifier certains concepts.,À revoir pour la prochaine fois.
Compte rendu,L'IA m'a aidé à clarifier certains concepts.,À discuter avec le professeur.
Mémoire,J'ai utilisé l'IA pour vérifier la grammaire.,À discuter avec le professeur.
Présentation - Math,L'IA a généré un premier jet que j'ai retravaillé.,J'ai appris beaucoup en le faisant.
Rapport de stage - Philo,L'IA m'a permis de mieux structurer mes phrases.,J'ai eu du mal à comprendre certaines consignes.
Mémoire 13,L'IA m'a aidé à clarifier certains concepts.,J'ai appris beaucoup en le faisant.
Dissertation - Info,L'IA m'a aidé à corriger mes fautes d'orthographe.,J'ai eu du mal à comprendre certaines consignes.
Projet - Math,L'IA m'a permis de mieux structurer mes phrases.,Je pense que je peux faire mieux.
Mémoire,Je me suis aidé de l'IA pour résumer un texte.,J'ai appris beaucoup en le faisant.
Mémoire - Eco,L'IA m'a donné des exemples concrets.,Je pense que je peux faire mieux.
Compte rendu - Math,J'ai demandé à l'IA des synonymes pour enrichir mon vocabulaire.,J'ai eu du mal à comprendre certaines consignes.
Exposé,J'ai utilisé l'IA pour reformuler mes idées.,À revoir pour la prochaine fois.
Mémoire 27,J'ai demandé à l'IA de générer un plan.,Travail fait rapidement.
Analyse,Je me suis aidé de l'IA pour résumer un texte.,J'ai appris beaucoup en le faisant.
Synthèse - Info,Je me suis aidé de l'IA pour résumer un texte.,J'ai appris beaucoup en le faisant.
Analyse 2,J'ai utilisé l'IA pour vérifier la grammaire.,"Travail fait en retard, à améliorer."
Mémoire,L'IA m'a donné des exemples concrets.,"Premier essai, pas encore au point."
Exposé,L'IA m'a permis de mieux structurer mes phrases.,À discuter avec le professeur.
Analyse 23,L'IA m'a permis de mieux structurer mes phrases.,Travail fait rapidement.
Présentation 43,J'ai utilisé l'IA pour reformuler mes idées.,Travail fait rapidement.
Dissertation,L'IA a généré un premier jet que j'ai retravaillé.,"Travail fait en retard, à améliorer."
Synthèse - Math,L'IA m'a aidé à clarifier certains concepts.,Travail fait rapidement.
Dissertation - Info,L'IA a généré un premier jet que j'ai retravaillé.,Je pense que je peux faire mieux.
Analyse - Eco,J'ai utilisé l'IA pour reformuler mes idées.,Je pense que je peux faire mieux.
Présentation 14,L'IA m'a aidé à clarifier certains concepts.,Pas totalement satisfait du rendu.
Mémoire,L'IA m'a permis de mieux structurer mes phrases.,À discuter avec le professeur.
Rendu du 23 May 2022,J'ai demandé à l'IA de générer un plan.,J'ai appris beaucoup en le faisant.
Compte rendu 37,J'ai utilisé l'IA pour vérifier la grammaire.,"Travail fait en retard, à améliorer."
Synthèse 46,J'ai demandé à l'IA de générer un plan.,À revoir pour la prochaine fois.
Mémoire,L'IA m'a aidé à clarifier certains concepts.,Travail fait rapidement.
Rendu du 23 March 2025,L'IA m'a aidé à clarifier certains concepts.,"Travail fait en retard, à améliorer."
Mémoire,L'IA m'a permis de mieux structurer mes phrases.,Pas totalement satisfait du rendu.
Synthèse,J'ai demandé à l'IA de générer un plan.,Travail fait rapidement.
Synthèse,L'IA m'a aidé à clarifier certains concepts.,J'ai passé beaucoup de temps dessus.
Dissertation 36,J'ai utilisé l'IA pour reformuler mes idées.,Pas totalement satisfait du rendu.
Synthèse 17,L'IA m'a donné des exemples concrets.,J'ai passé beaucoup de temps dessus.
Exposé - Math,J'ai demandé à l'IA des synonymes pour enrichir mon vocabulaire.,"Premier essai, pas encore au point."
Présentation - Math,L'IA m'a donné des exemples concrets.,J'ai eu du mal à comprendre certaines consignes.
Rapport de stage - Info,J'ai utilisé l'IA pour vérifier la grammaire.,J'ai passé beaucoup de temps dessus.
Synthèse - Info,J'ai demandé à l'IA de générer un plan.,J'ai appris beaucoup en le faisant.
Rapport de stage - Info,J'ai demandé à l'IA de générer un plan.,"Premier essai, pas encore au point."
Présentation,J'ai demandé à l'IA de générer un plan.,J'ai eu du mal à comprendre certaines consignes.
Mémoire 15,L'IA m'a aidé à clarifier certains concepts.,Pas totalement satisfait du rendu.
Analyse,J'ai utilisé l'IA pour reformuler mes idées.,Travail fait rapidement.
Analyse,L'IA m'a donné des exemples concrets.,À discuter avec le professeur.
Mémoire - Eco,L'IA a généré un premier jet que j'ai retravaillé.,À discuter avec le professeur.
Exposé - Info,L'IA m'a permis de mieux structurer mes phrases.,À revoir pour la prochaine fois.
Projet 41,J'ai demandé à l'IA des synonymes pour enrichir mon vocabulaire.,J'ai eu du mal à comprendre certaines consignes.
Rapport de stage,J'ai utilisé l'IA pour vérifier la grammaire.,Pas totalement satisfait du rendu.
Synthèse 23,L'IA m'a permis de mieux structurer mes phrases.,"Premier essai, pas encore au point."
Rapport de stage 8,J'ai utilisé l'IA pour vérifier la grammaire.,À revoir pour la prochaine fois.
Analyse 14,J'ai demandé à l'IA de générer un plan.,Travail fait rapidement.
Rendu du 15 September 2023,J'ai utilisé l'IA pour reformuler mes idées.,Je pense que je peux faire mieux.
Dissertation,L'IA m'a donné des exemples concrets.,"Premier essai, pas encore au point."
Rendu du 14 September 2025,L'IA m'a aidé à clarifier certains concepts.,Travail fait rapidement.
Projet - Philo,J'ai demandé à l'IA de générer un plan.,À revoir pour la prochaine fois.
Dissertation - Eco,L'IA m'a aidé à clarifier certains concepts.,Je pense que je peux faire mieux.
Synthèse - Physique,L'IA m'a aidé à corriger mes fautes d'orthographe.,"Premier essai, pas encore au point."
Rendu du 17 April 2025,L'IA m'a aidé à clarifier certains concepts.,Travail fait rapidement.
Mémoire - Info,L'IA a généré un premier jet que j'ai retravaillé.,J'ai eu du mal à comprendre certaines consignes.
Présentation 15,L'IA a généré un premier jet que j'ai retravaillé.,Pas totalement satisfait du rendu.
Dissertation 49,J'ai utilisé l'IA pour reformuler mes idées.,Pas totalement satisfait du rendu.
Analyse,L'IA m'a permis de mieux structurer mes phrases.,J'ai appris beaucoup en le faisant.
Synthèse,J'ai demandé à l'IA des synonymes pour enrichir mon vocabulaire.,Pas totalement satisfait du rendu.
Dissertation 5,L'IA m'a aidé à clarifier certains concepts.,Je pense que je peux faire mieux.
Rendu du 31 May 2025,J'ai demandé à l'IA des synonymes pour enrichir mon vocabulaire.,J'ai eu du mal à comprendre certaines consignes.
Mémoire 5,J'ai demandé à l'IA des synonymes pour enrichir mon vocabulaire.,J'ai passé beaucoup de temps dessus.
Présentation 37,J'ai demandé à l'IA de générer un plan.,"Travail fait en retard, à améliorer."
Synthèse,L'IA m'a permis de mieux structurer mes phrases.,J'ai passé beaucoup de temps dessus.
Projet 32,J'ai utilisé l'IA pour vérifier la grammaire.,À discuter avec le professeur.
Exposé - Physique,J'ai demandé à l'IA des synonymes pour enrichir mon vocabulaire.,Je pense que je peux faire mieux.
Rendu du 11 April 2022,J'ai utilisé l'IA pour reformuler mes idées.,J'ai passé beaucoup de temps dessus.
Dissertation 37,L'IA m'a aidé à clarifier certains concepts.,"Travail fait en retard, à améliorer."
Présentation,L'IA m'a aidé à corriger mes fautes d'orthographe.,"Travail fait en retard, à améliorer."
Rapport de stage,L'IA m'a aidé à clarifier certains concepts.,À revoir pour la prochaine fois.
Mémoire,J'ai demandé à l'IA de générer un plan.,Travail fait rapidement.
Présentation - Philo,L'IA m'a aidé à corriger mes fautes d'orthographe.,À revoir pour la prochaine fois.
Mémoire,L'IA a généré un premier jet que j'ai retravaillé.,Pas totalement satisfait du rendu.
Synthèse - Philo,L'IA m'a aidé à corriger mes fautes d'orthographe.,Travail fait rapidement.
Compte rendu 13,J'ai utilisé l'IA pour vérifier la grammaire.,"Travail fait en retard, à améliorer."
Présentation 47,J'ai utilisé l'IA pour vérifier la grammaire.,Je pense que je peux faire mieux.
Rapport de stage 15,L'IA m'a donné des exemples concrets.,J'ai passé beaucoup de temps dessus.
Analyse,L'IA m'a permis de mieux structurer mes phrases.,J'ai appris beaucoup en le faisant.
Compte rendu,Je me suis aidé de l'IA pour résumer un texte.,Travail fait rapidement.
Présentation 42,L'IA m'a donné des exemples concrets.,Je pense que je peux faire mieux.
Analyse 27,L'IA m'a donné des exemples concrets.,À revoir pour la prochaine fois.
Analyse - Math,J'ai demandé à l'IA de générer un plan.,À revoir pour la prochaine fois.
Dissertation,J'ai demandé à l'IA de générer un plan.,À discuter avec le professeur.
Synthèse - Math,J'ai demandé à l'IA de générer un plan.,"Premier essai, pas encore au point."
Mémoire - Philo,L'IA m'a permis de mieux structurer mes phrases.,Pas totalement satisfait du rendu.
Rapport de stage - Physique,J'ai utilisé l'IA pour vérifier la grammaire.,"Premier essai, pas encore au point."
Dissertation 17,L'IA m'a aidé à clarifier certains concepts.,À discuter avec le professeur.
Rendu du 23 March 2024,Je me suis aidé de l'IA pour résumer un texte.,"Premier essai, pas encore au point."
Présentation 7,L'IA m'a aidé à clarifier certains concepts.,"Premier essai, pas encore au point."
Rapport de stage - Math,L'IA m'a donné des exemples concrets.,Travail fait rapidement.
Rendu du 13 February 2023,L'IA m'a aidé à clarifier certains concepts.,À revoir pour la prochaine fois.
Dissertation,L'IA m'a permis de mieux structurer mes phrases.,À discuter avec le professeur.
Projet 44,L'IA a généré un premier jet que j'ai retravaillé.,"Premier essai, pas encore au point."
Compte rendu,L'IA m'a permis de mieux structurer mes phrases.,"Premier essai, pas encore au point."
Rendu du 06 July 2023,L'IA m'a aidé à corriger mes fautes d'orthographe.,Travail fait rapidement.
Rendu du 25 December 2025,L'IA m'a aidé à clarifier certains concepts.,À discuter avec le professeur.
Projet,J'ai demandé à l'IA des synonymes pour enrichir mon vocabulaire.,À revoir pour la prochaine fois.
Rapport de stage 4,L'IA m'a aidé à corriger mes fautes d'orthographe.,J'ai eu du mal à comprendre certaines consignes.
Dissertation 6,L'IA m'a permis de mieux structurer mes phrases.,Pas totalement satisfait du rendu.
Rendu du 21 August 2022,J'ai utilisé l'IA pour vérifier la grammaire.,Travail fait rapidement.
Compte rendu 23,L'IA m'a aidé à corriger mes fautes d'orthographe.,Travail fait rapidement.
Exposé,J'ai demandé à l'IA de générer un plan.,Pas totalement satisfait du rendu.
Analyse - Philo,J'ai demandé à l'IA de générer un plan.,J'ai passé beaucoup de temps dessus.
Synthèse 30,J'ai utilisé l'IA pour reformuler mes idées.,"Premier essai, pas encore au point."
Mémoire 19,L'IA m'a donné des exemples concrets.,Je pense que je peux faire mieux.
Rapport de stage 2,J'ai demandé à l'IA des synonymes pour enrichir mon vocabulaire.,À discuter avec le professeur.
Rendu du 21 December 2025,J'ai utilisé l'IA pour reformuler mes idées.,À discuter avec le professeur.
Présentation - Philo,Je me suis aidé de l'IA pour résumer un texte.,Je pense que je peux faire mieux.
Présentation - Physique,J'ai utilisé l'IA pour reformuler mes idées.,Je pense que je peux faire mieux.
Rapport de stage,J'ai utilisé l'IA pour reformuler mes idées.,Je pense que je peux faire mieux.
Présentation - Philo,Je me suis aidé de l'IA pour résumer un texte.,Travail fait rapidement.
Synthèse 20,J'ai utilisé l'IA pour reformuler mes idées.,"Premier essai, pas encore au point."
Analyse - Info,L'IA m'a aidé à clarifier certains concepts.,À revoir pour la prochaine fois.
Rapport de stage - Math,J'ai demandé à l'IA des synonymes pour enrichir mon vocabulaire.,J'ai passé beaucoup de temps dessus.
Synthèse,L'IA m'a permis de mieux structurer mes phrases.,Je pense que je peux faire mieux.
Analyse - Eco,L'IA a généré un premier jet que j'ai retravaillé.,Travail fait rapidement.
Mémoire 26,Je me suis aidé de l'IA pour résumer un texte.,J'ai passé beaucoup de temps dessus.
Exposé 14,J'ai demandé à l'IA de générer un plan.,J'ai eu du mal à comprendre certaines consignes.
Dissertation,L'IA a généré un premier jet que j'ai retravaillé.,À discuter avec le professeur.
Rendu du 22 June 2025,J'ai utilisé l'IA pour reformuler mes idées.,J'ai eu du mal à comprendre certaines consignes.
Compte rendu,J'ai demandé à l'IA des synonymes pour enrichir mon vocabulaire.,J'ai eu du mal à comprendre certaines consignes.
Projet - Eco,J'ai demandé à l'IA des synonymes pour enrichir mon vocabulaire.,"Premier essai, pas encore au point."
Dissertation,L'IA m'a aidé à corriger mes fautes d'orthographe.,J'ai appris beaucoup en le faisant.
Exposé,J'ai demandé à l'IA des synonymes pour enrichir mon vocabulaire.,J'ai passé beaucoup de temps dessus.
Exposé 9,L'IA m'a donné des exemples concrets.,J'ai eu du mal à comprendre certaines consignes.
Rapport de stage,L'IA a généré un premier jet que j'ai retravaillé.,"Travail fait en retard, à améliorer."
Mémoire,J'ai demandé à l'IA de générer un plan.,"Premier essai, pas encore au point."
Rapport de stage - Eco,L'IA m'a donné des exemples concrets.,À revoir pour la prochaine fois.
Présentation,J'ai utilisé l'IA pour reformuler mes idées.,À revoir pour la prochaine fois.
Analyse - Philo,L'IA m'a permis de mieux structurer mes phrases.,À revoir pour la prochaine fois.
Analyse,L'IA a généré un premier jet que j'ai retravaillé.,"Premier essai, pas encore au point."
Analyse 43,J'ai demandé à l'IA des synonymes pour enrichir mon vocabulaire.,Je pense que je peux faire mieux.
Rapport de stage 11,Je me suis aidé de l'IA pour résumer un texte.,J'ai appris beaucoup en le faisant.
Synthèse 29,J'ai demandé à l'IA des synonymes pour enrichir mon vocabulaire.,J'ai passé beaucoup de temps dessus.
Rapport de stage 28,Je me suis aidé de l'IA pour résumer un texte.,À discuter avec le professeur.
Exposé 34,J'ai utilisé l'IA pour vérifier la grammaire.,Je pense que je peux faire mieux.
Rendu du 26 April 2025,J'ai utilisé l'IA pour vérifier la grammaire.,"Travail fait en retard, à améliorer."
Mémoire 42,L'IA m'a aidé à clarifier certains concepts.,Je pense que je peux faire mieux.
Compte rendu 12,Je me suis aidé de l'IA pour résumer un texte.,J'ai appris beaucoup en le faisant.
Rendu du 21 April 2025,Je me suis aidé de l'IA pour résumer un texte.,À revoir pour la prochaine fois.
Dissertation 48,L'IA m'a permis de mieux structurer mes phrases.,J'ai eu du mal à comprendre certaines consignes.
Exposé 8,J'ai utilisé l'IA pour vérifier la grammaire.,J'ai eu du mal à comprendre certaines consignes.
Exposé - Info,J'ai utilisé l'IA pour reformuler mes idées.,"Premier essai, pas encore au point."
Projet,L'IA m'a donné des exemples concrets.,"Travail fait en retard, à améliorer."
Dissertation 21,J'ai demandé à l'IA de générer un plan.,J'ai eu du mal à comprendre certaines consignes.
Analyse 19,L'IA a généré un premier jet que j'ai retravaillé.,À discuter avec le professeur.
Exposé,J'ai demandé à l'IA des synonymes pour enrichir mon vocabulaire.,J'ai eu du mal à comprendre certaines consignes.
Synthèse - Info,J'ai demandé à l'IA des synonymes pour enrichir mon vocabulaire.,À revoir pour la prochaine fois.
Présentation - Info,J'ai utilisé l'IA pour reformuler mes idées.,Pas totalement satisfait du rendu.
Rapport de stage 37,J'ai demandé à l'IA de générer un plan.,À revoir pour la prochaine fois.
Analyse - Info,J'ai utilisé l'IA pour reformuler mes idées.,J'ai eu du mal à comprendre certaines consignes.
Synthèse - Eco,L'IA m'a aidé à corriger mes fautes d'orthographe.,Travail fait rapidement.
Mémoire,J'ai demandé à l'IA des synonymes pour enrichir mon vocabulaire.,Pas totalement satisfait du rendu.
Projet - Physique,J'ai demandé à l'IA des synonymes pour enrichir mon vocabulaire.,J'ai eu du mal à comprendre certaines consignes.
Compte rendu - Math,Je me suis aidé de l'IA pour résumer un texte.,J'ai passé beaucoup de temps dessus.
Dissertation,L'IA m'a permis de mieux structurer mes phrases.,Pas totalement satisfait du rendu.
Exposé - Physique,L'IA m'a permis de mieux structurer mes phrases.,"Travail fait en retard, à améliorer."
Projet - Physique,L'IA m'a permis de mieux structurer mes phrases.,J'ai eu du mal à comprendre certaines consignes.
Rapport de stage - Eco,Je me suis aidé de l'IA pour résumer un texte.,"Premier essai, pas encore au point."
Rapport de stage,Je me suis aidé de l'IA pour résumer un texte.,À discuter avec le professeur.
Rendu du 09 March 2024,L'IA m'a donné des exemples concrets.,J'ai eu du mal à comprendre certaines consignes.
Rapport de stage,J'ai utilisé l'IA pour vérifier la grammaire.,À discuter avec le professeur.
Synthèse - Philo,L'IA m'a donné des exemples concrets.,J'ai passé beaucoup de temps dessus.
Présentation 45,L'IA m'a donné des exemples concrets.,À discuter avec le professeur.
Compte rendu - Math,J'ai utilisé l'IA pour reformuler mes idées.,Pas totalement satisfait du rendu.
Synthèse 40,L'IA a généré un premier jet que j'ai retravaillé.,Je pense que je peux faire mieux.
Rapport de stage,J'ai utilisé l'IA pour reformuler mes idées.,À discuter avec le professeur.
Analyse,Je me suis aidé de l'IA pour résumer un texte.,À revoir pour la prochaine fois.
Rapport de stage - Math,L'IA m'a permis de mieux structurer mes phrases.,J'ai passé beaucoup de temps dessus.
Analyse 17,J'ai utilisé l'IA pour vérifier la grammaire.,À revoir pour la prochaine fois.
Mémoire 2,L'IA m'a donné des exemples concrets.,"Travail fait en retard, à améliorer."
Présentation - Info,J'ai utilisé l'IA pour vérifier la grammaire.,Travail fait rapidement.
Projet 17,L'IA m'a aidé à clarifier certains concepts.,J'ai eu du mal à comprendre certaines consignes.
Exposé - Math,J'ai utilisé l'IA pour vérifier la grammaire.,J'ai appris beaucoup en le faisant.
Exposé,J'ai demandé à l'IA de générer un plan.,"Travail fait en retard, à améliorer."
Compte rendu,L'IA a généré un premier jet que j'ai retravaillé.,Travail fait rapidement.
Dissertation - Philo,L'IA m'a donné des exemples concrets.,Pas totalement satisfait du rendu.
Dissertation - Math,J'ai demandé à l'IA des synonymes pour enrichir mon vocabulaire.,À discuter avec le professeur.
Exposé,L'IA m'a donné des exemples concrets.,À revoir pour la prochaine fois.
Synthèse - Physique,L'IA m'a permis de mieux structurer mes phrases.,J'ai eu du mal à comprendre certaines consignes.
Analyse,L'IA m'a permis de mieux structurer mes phrases.,J'ai passé beaucoup de temps dessus.
Exposé,L'IA m'a donné des exemples concrets.,À revoir pour la prochaine fois.
Mémoire 8,J'ai utilisé l'IA pour vérifier la grammaire.,À revoir pour la prochaine fois.
Exposé,Je me suis aidé de l'IA pour résumer un texte.,Je pense que je peux faire mieux.
Présentation - Eco,L'IA m'a aidé à clarifier certains concepts.,Travail fait rapidement.
Rapport de stage,J'ai utilisé l'IA pour vérifier la grammaire.,"Travail fait en retard, à améliorer."
Compte rendu,J'ai utilisé l'IA pour vérifier la grammaire.,Je pense que je peux faire mieux.
Rapport de stage - Physique,J'ai utilisé l'IA pour reformuler mes idées.,Pas totalement satisfait du rendu.
Mémoire - Eco,L'IA m'a aidé à clarifier certains concepts.,"Premier essai, pas encore au point."
Rapport de stage,J'ai demandé à l'IA des synonymes pour enrichir mon vocabulaire.,"Travail fait en retard, à améliorer."
Exposé 38,L'IA m'a donné des exemples concrets.,"Premier essai, pas encore au point."
Mémoire,L'IA m'a permis de mieux structurer mes phrases.,"Premier essai, pas encore au point."
Compte rendu 14,Je me suis aidé de l'IA pour résumer un texte.,Je pense que je peux faire mieux.
Synthèse 49,J'ai utilisé l'IA pour reformuler mes idées.,J'ai appris beaucoup en le faisant.
Projet 48,L'IA m'a permis de mieux structurer mes phrases.,Travail fait rapidement.
Rendu du 10 July 2023,J'ai demandé à l'IA des synonymes pour enrichir mon vocabulaire.,Pas totalement satisfait du rendu.
Présentation - Info,L'IA m'a permis de mieux structurer mes phrases.,Travail fait rapidement.
Rendu du 17 April 2022,L'IA m'a aidé à clarifier certains concepts.,"Premier essai, pas encore au point."
Mémoire - Math,L'IA m'a permis de mieux structurer mes phrases.,Pas totalement satisfait du rendu.
Exposé,J'ai demandé à l'IA des synonymes pour enrichir mon vocabulaire.,À discuter avec le professeur.
Présentation 42,L'IA m'a aidé à clarifier certains concepts.,Je pense que je peux faire mieux.
Rapport de stage - Math,J'ai demandé à l'IA des synonymes pour enrichir mon vocabulaire.,"Travail fait en retard, à améliorer."
Présentation 16,L'IA m'a aidé à clarifier certains concepts.,Travail fait rapidement.
Rendu du 20 July 2024,J'ai demandé à l'IA de générer un plan.,J'ai passé beaucoup de temps dessus.
Présentation,J'ai demandé à l'IA de générer un plan.,"Premier essai, pas encore au point."
Présentation 6,J'ai utilisé l'IA pour vérifier la grammaire.,Travail fait rapidement.
Rendu du 20 September 2025,J'ai demandé à l'IA de générer un plan.,J'ai eu du mal à comprendre certaines consignes.
Exposé,L'IA a généré un premier jet que j'ai retravaillé.,Pas totalement satisfait du rendu.
Rendu du 16 September 2023,L'IA m'a permis de mieux structurer mes phrases.,"Travail fait en retard, à améliorer."
Compte rendu,J'ai demandé à l'IA des synonymes pour enrichir mon vocabulaire.,Je pense que je peux faire mieux.
Mémoire,J'ai demandé à l'IA de générer un plan.,"Travail fait en retard, à améliorer."
Exposé,J'ai utilisé l'IA pour reformuler mes idées.,"Travail fait en retard, à améliorer."
Synthèse 22,L'IA m'a donné des exemples concrets.,"Travail fait en retard, à améliorer."
Rapport de stage - Math,L'IA m'a donné des exemples concrets.,À discuter avec le professeur.
Analyse 31,J'ai demandé à l'IA de générer un plan.,J'ai appris beaucoup en le faisant.
Dissertation,Je me suis aidé de l'IA pour résumer un texte.,Je pense que je peux faire mieux.
Projet,J'ai demandé à l'IA de générer un plan.,"Premier essai, pas encore au point."
Compte rendu 19,J'ai utilisé l'IA pour reformuler mes idées.,J'ai eu du mal à comprendre certaines consignes.
Mémoire 48,J'ai utilisé l'IA pour reformuler mes idées.,"Premier essai, pas encore au point."
Rendu du 03 September 2022,J'ai demandé à l'IA de générer un plan.,À revoir pour la prochaine fois.
Compte rendu,L'IA m'a aidé à corriger mes fautes d'orthographe.,J'ai appris beaucoup en le faisant.
Analyse 32,J'ai demandé à l'IA des synonymes pour enrichir mon vocabulaire.,J'ai passé beaucoup de temps dessus.
Mémoire 3,J'ai demandé à l'IA de générer un plan.,Pas totalement satisfait du rendu.
Présentation - Physique,J'ai demandé à l'IA de générer un plan.,J'ai eu du mal à comprendre certaines consignes.
Synthèse - Math,L'IA m'a aidé à clarifier certains concepts.,J'ai eu du mal à comprendre certaines consignes.
Rendu du 09 May 2022,L'IA a généré un premier jet que j'ai retravaillé.,J'ai passé beaucoup de temps dessus.
Compte rendu - Info,L'IA m'a permis de mieux structurer mes phrases.,J'ai eu du mal à comprendre certaines consignes.
Projet 44,L'IA m'a aidé à clarifier certains concepts.,À revoir pour la prochaine fois.
Compte rendu,L'IA m'a aidé à clarifier certains concepts.,Pas totalement satisfait du rendu.
Mémoire 47,J'ai demandé à l'IA des synonymes pour enrichir mon vocabulaire.,Travail fait rapidement.
Mémoire 34,J'ai utilisé l'IA pour reformuler mes idées.,J'ai appris beaucoup en le faisant.
Rendu du 02 February 2024,L'IA m'a donné des exemples concrets.,J'ai eu du mal à comprendre certaines consignes.
Analyse 15,J'ai demandé à l'IA des synonymes pour enrichir mon vocabulaire.,"Premier essai, pas encore au point."
Dissertation,Je me suis aidé de l'IA pour résumer un texte.,J'ai passé beaucoup de temps dessus.
Rapport de stage 26,L'IA m'a donné des exemples concrets.,"Travail fait en retard, à améliorer."
Analyse - Physique,L'IA m'a aidé à corriger mes fautes d'orthographe.,J'ai passé beaucoup de temps dessus.
Présentation,L'IA a généré un premier jet que j'ai retravaillé.,Je pense que je peux faire mieux.
Rapport de stage 17,L'IA m'a aidé à clarifier certains concepts.,J'ai passé beaucoup de temps dessus.
Compte rendu 9,L'IA m'a permis de mieux structurer mes phrases.,À revoir pour la prochaine fois.
Compte rendu,L'IA m'a aidé à clarifier certains concepts.,J'ai passé beaucoup de temps dessus.
Compte rendu,J'ai demandé à l'IA de générer un plan.,J'ai appris beaucoup en le faisant.
Synthèse - Info,J'ai demandé à l'IA des synonymes pour enrichir mon vocabulaire.,J'ai eu du mal à comprendre certaines consignes.
Rapport de stage - Info,J'ai utilisé l'IA pour vérifier la grammaire.,Pas totalement satisfait du rendu.
Projet - Info,L'IA m'a aidé à corriger mes fautes d'orthographe.,J'ai eu du mal à comprendre certaines consignes.
Rendu du 14 July 2022,J'ai demandé à l'IA des synonymes pour enrichir mon vocabulaire.,J'ai appris beaucoup en le faisant.
Rapport de stage - Eco,J'ai utilisé l'IA pour vérifier la grammaire.,Travail fait rapidement.
Dissertation,J'ai demandé à l'IA des synonymes pour enrichir mon vocabulaire.,"Premier essai, pas encore au point."
Présentation - Math,L'IA m'a aidé à corriger mes fautes d'orthographe.,J'ai eu du mal à comprendre certaines consignes.
Mémoire - Philo,J'ai utilisé l'IA pour reformuler mes idées.,Travail fait rapidement.
Projet - Physique,L'IA m'a permis de mieux structurer mes phrases.,À discuter avec le professeur.
Exposé 40,L'IA a généré un premier jet que j'ai retravaillé.,Travail fait rapidement.
Compte rendu 23,J'ai demandé à l'IA de générer un plan.,J'ai appris beaucoup en le faisant.
Analyse - Eco,Je me suis aidé de l'IA pour résumer un texte.,À discuter avec le professeur.
Rapport de stage,Je me suis aidé de l'IA pour résumer un texte.,J'ai eu du mal à comprendre certaines consignes.
Analyse - Info,J'ai utilisé l'IA pour vérifier la grammaire.,Travail fait rapidement.
Compte rendu - Eco,J'ai demandé à l'IA des synonymes pour enrichir mon vocabulaire.,J'ai passé beaucoup de temps dessus.
Rendu du 07 April 2024,L'IA m'a donné des exemples concrets.,Je pense que je peux faire mieux.
Rendu du 26 February 2025,J'ai utilisé l'IA pour vérifier la grammaire.,Travail fait rapidement.
Analyse,J'ai demandé à l'IA des synonymes pour enrichir mon vocabulaire.,À discuter avec le professeur.
Dissertation - Physique,J'ai demandé à l'IA de générer un plan.,"Premier essai, pas encore au point."
Synthèse,L'IA m'a aidé à clarifier certains concepts.,À discuter avec le professeur.
Rendu du 20 September 2022,J'ai utilisé l'IA pour vérifier la grammaire.,À discuter avec le professeur.
Synthèse - Physique,J'ai demandé à l'IA de générer un plan.,J'ai passé beaucoup de temps dessus.
Compte rendu,L'IA a généré un premier jet que j'ai retravaillé.,À discuter avec le professeur.
Rendu du 22 August 2022,L'IA m'a aidé à clarifier certains concepts.,J'ai eu du mal à comprendre certaines consignes.
Projet - Physique,J'ai utilisé l'IA pour reformuler mes idées.,À discuter avec le professeur.
Projet - Physique,L'IA a généré un premier jet que j'ai retravaillé.,Pas totalement satisfait du rendu.
Synthèse 44,J'ai demandé à l'IA de générer un plan.,J'ai eu du mal à comprendre certaines consignes.
Dissertation - Math,J'ai utilisé l'IA pour reformuler mes idées.,J'ai passé beaucoup de temps dessus.
Présentation 49,J'ai demandé à l'IA des synonymes pour enrichir mon vocabulaire.,J'ai appris beaucoup en le faisant.
Rendu du 09 May 2022,L'IA m'a aidé à corriger mes fautes d'orthographe.,"Travail fait en retard, à améliorer."
Synthèse - Eco,L'IA m'a permis de mieux structurer mes phrases.,À revoir pour la prochaine fois.
Présentation - Math,L'IA m'a aidé à clarifier certains concepts.,Travail fait rapidement.
Mémoire - Physique,Je me suis aidé de l'IA pour résumer un texte.,"Travail fait en retard, à améliorer."
Analyse - Info,L'IA m'a aidé à corriger mes fautes d'orthographe.,"Travail fait en retard, à améliorer."
Rapport de stage 49,J'ai demandé à l'IA de générer un plan.,À revoir pour la prochaine fois.
Mémoire,L'IA a généré un premier jet que j'ai retravaillé.,À discuter avec le professeur.
Mémoire - Math,J'ai demandé à l'IA de générer un plan.,J'ai appris beaucoup en le faisant.
Synthèse - Math,L'IA m'a aidé à corriger mes fautes d'orthographe.,J'ai passé beaucoup de temps dessus.
Dissertation,L'IA m'a permis de mieux structurer mes phrases.,J'ai passé beaucoup de temps dessus.
Dissertation,L'IA a généré un premier jet que j'ai retravaillé.,Je pense que je peux faire mieux.
Exposé 5,J'ai utilisé l'IA pour vérifier la grammaire.,Travail fait rapidement.
Analyse,L'IA m'a aidé à corriger mes fautes d'orthographe.,J'ai eu du mal à comprendre certaines consignes.
Rapport de stage 4,J'ai demandé à l'IA de générer un plan.,J'ai passé beaucoup de temps dessus.
Exposé 34,L'IA a généré un premier jet que j'ai retravaillé.,"Travail fait en retard, à améliorer."
Mémoire 50,L'IA m'a aidé à clarifier certains concepts.,Travail fait rapidement.
Projet - Philo,J'ai utilisé l'IA pour reformuler mes idées.,J'ai passé beaucoup de temps dessus.
Analyse - Info,L'IA a généré un premier jet que j'ai retravaillé.,J'ai passé beaucoup de temps dessus.
Présentation - Eco,L'IA a généré un premier jet que j'ai retravaillé.,J'ai passé beaucoup de temps dessus.
Rapport de stage 9,L'IA m'a permis de mieux structurer mes phrases.,Travail fait rapidement.
Exposé 44,Je me suis aidé de l'IA pour résumer un texte.,Pas totalement satisfait du rendu.
Rapport de stage,J'ai utilisé l'IA pour reformuler mes idées.,"Premier essai, pas encore au point."
Mémoire - Math,L'IA a généré un premier jet que j'ai retravaillé.,"Premier essai, pas encore au point."
Mémoire,Je me suis aidé de l'IA pour résumer un texte.,Pas totalement satisfait du rendu.
Exposé - Math,L'IA m'a permis de mieux structurer mes phrases.,J'ai eu du mal à comprendre certaines consignes.
Rendu du 30 May 2022,L'IA m'a permis de mieux structurer mes phrases.,J'ai passé beaucoup de temps dessus.
Compte rendu - Physique,J'ai utilisé l'IA pour reformuler mes idées.,Travail fait rapidement.
Projet,L'IA m'a aidé à corriger mes fautes d'orthographe.,J'ai appris beaucoup en le faisant.
Compte rendu - Info,J'ai demandé à l'IA des synonymes pour enrichir mon vocabulaire.,"Premier essai, pas encore au point."
Mémoire - Physique,L'IA m'a permis de mieux structurer mes phrases.,À revoir pour la prochaine fois.
Présentation,J'ai demandé à l'IA des synonymes pour enrichir mon vocabulaire.,Je pense que je peux faire mieux.
Mémoire,J'ai demandé à l'IA des synonymes pour enrichir mon vocabulaire.,Je pense que je peux faire mieux.
Rapport de stage 28,J'ai utilisé l'IA pour vérifier la grammaire.,Je pense que je peux faire mieux.
Synthèse - Philo,J'ai demandé à l'IA de générer un plan.,J'ai passé beaucoup de temps dessus.
Rendu du 06 May 2025,J'ai demandé à l'IA de générer un plan.,À discuter avec le professeur.
Rapport de stage - Math,J'ai demandé à l'IA de générer un plan.,J'ai passé beaucoup de temps dessus.
Compte rendu 38,L'IA m'a aidé à clarifier certains concepts.,"Premier essai, pas encore au point."
Synthèse,J'ai utilisé l'IA pour vérifier la grammaire.,"Travail fait en retard, à améliorer."
Rendu du 15 January 2022,L'IA m'a aidé à clarifier certains concepts.,"Travail fait en retard, à améliorer."
Mémoire,Je me suis aidé de l'IA pour résumer un texte.,Travail fait rapidement.
Compte rendu,L'IA m'a aidé à corriger mes fautes d'orthographe.,J'ai appris beaucoup en le faisant.
Compte rendu - Math,L'IA m'a donné des exemples concrets.,"Premier essai, pas encore au point."
Analyse 47,J'ai demandé à l'IA de générer un plan.,J'ai appris beaucoup en le faisant.
Projet,L'IA m'a aidé à corriger mes fautes d'orthographe.,Travail fait rapidement.
Rendu du 25 November 2022,J'ai demandé à l'IA des synonymes pour enrichir mon vocabulaire.,Je pense que je peux faire mieux.
Mémoire 29,J'ai utilisé l'IA pour vérifier la grammaire.,Pas totalement satisfait du rendu.
Exposé,Je me suis aidé de l'IA pour résumer un texte.,"Travail fait en retard, à améliorer."
Dissertation 38,L'IA a généré un premier jet que j'ai retravaillé.,Je pense que je peux faire mieux.
Mémoire,L'IA a généré un premier jet que j'ai retravaillé.,J'ai passé beaucoup de temps dessus.
Mémoire - Philo,L'IA m'a permis de mieux structurer mes phrases.,Pas totalement satisfait du rendu.
Rendu du 23 November 2024,Je me suis aidé de l'IA pour résumer un texte.,Je pense que je peux faire mieux.
Présentation,J'ai demandé à l'IA des synonymes pour enrichir mon vocabulaire.,J'ai eu du mal à comprendre certaines consignes.
Compte rendu - Eco,J'ai utilisé l'IA pour vérifier la grammaire.,J'ai passé beaucoup de temps dessus.
Exposé - Info,L'IA m'a aidé à corriger mes fautes d'orthographe.,À discuter avec le professeur.
Présentation,L'IA m'a donné des exemples concrets.,J'ai passé beaucoup de temps dessus.
Compte rendu - Info,L'IA m'a permis de mieux structurer mes phrases.,À revoir pour la prochaine fois.
Exposé,J'ai demandé à l'IA des synonymes pour enrichir mon vocabulaire.,À discuter avec le professeur.
Mémoire,Je me suis aidé de l'IA pour résumer un texte.,À discuter avec le professeur.
Synthèse 4,L'IA m'a aidé à clarifier certains concepts.,Travail fait rapidement.
Rendu du 26 January 2025,L'IA m'a permis de mieux structurer mes phrases.,J'ai appris beaucoup en le faisant.
Rapport de stage 44,J'ai utilisé l'IA pour vérifier la grammaire.,Travail fait rapidement.
Rendu du 29 March 2024,Je me suis aidé de l'IA pour résumer un texte.,À discuter avec le professeur.
Dissertation - Info,L'IA m'a permis de mieux structurer mes phrases.,J'ai appris beaucoup en le faisant.
Exposé 28,L'IA m'a aidé à clarifier certains concepts.,J'ai passé beaucoup de temps dessus.
Dissertation 32,J'ai demandé à l'IA des synonymes pour enrichir mon vocabulaire.,J'ai passé beaucoup de temps dessus.
Synthèse,J'ai demandé à l'IA de générer un plan.,Je pense que je peux faire mieux.
Projet,J'ai utilisé l'IA pour vérifier la grammaire.,J'ai eu du mal à comprendre certaines consignes.
Rapport de stage,L'IA m'a aidé à corriger mes fautes d'orthographe.,Travail fait rapidement.
Exposé,J'ai demandé à l'IA des synonymes pour enrichir mon vocabulaire.,Je pense que je peux faire mieux.
Projet - Philo,L'IA m'a aidé à clarifier certains concepts.,"Premier essai, pas encore au point."
Rendu du 08 May 2023,Je me suis aidé de l'IA pour résumer un texte.,Je pense que je peux faire mieux.
Compte rendu 25,L'IA m'a aidé à clarifier certains concepts.,Travail fait rapidement.
Dissertation 44,J'ai demandé à l'IA des synonymes pour enrichir mon vocabulaire.,À discuter avec le professeur.
Mémoire - Eco,L'IA m'a aidé à clarifier certains concepts.,À revoir pour la prochaine fois.
Mémoire,L'IA m'a aidé à corriger mes fautes d'orthographe.,"Travail fait en retard, à améliorer."
Compte rendu,Je me suis aidé de l'IA pour résumer un texte.,À discuter avec le professeur.
Compte rendu - Eco,J'ai demandé à l'IA de générer un plan.,J'ai eu du mal à comprendre certaines consignes.
Exposé - Eco,L'IA m'a aidé à corriger mes fautes d'orthographe.,À discuter avec le professeur.
Mémoire - Physique,J'ai demandé à l'IA de générer un plan.,Travail fait rapidement.
Présentation - Physique,L'IA m'a permis de mieux structurer mes phrases.,J'ai eu du mal à comprendre certaines consignes.
Mémoire 10,L'IA m'a donné des exemples concrets.,"Premier essai, pas encore au point."
Exposé - Eco,Je me suis aidé de l'IA pour résumer un texte.,À discuter avec le professeur.
Exposé 27,J'ai demandé à l'IA des synonymes pour enrichir mon vocabulaire.,Je pense que je peux faire mieux.
Dissertation,L'IA m'a aidé à corriger mes fautes d'orthographe.,"Premier essai, pas encore au point."
Rapport de stage - Math,J'ai utilisé l'IA pour vérifier la grammaire.,Je pense que je peux faire mieux.
Exposé - Info,L'IA m'a permis de mieux structurer mes phrases.,"Travail fait en retard, à améliorer."
Rendu du 28 July 2023,Je me suis aidé de l'IA pour résumer un texte.,"Travail fait en retard, à améliorer."
Compte rendu 11,L'IA m'a donné des exemples concrets.,"Premier essai, pas encore au point."
Mémoire 48,J'ai utilisé l'IA pour reformuler mes idées.,Je pense que je peux faire mieux.
Rendu du 18 February 2022,Je me suis aidé de l'IA pour résumer un texte.,J'ai eu du mal à comprendre certaines consignes.
Exposé 47,L'IA m'a aidé à clarifier certains concepts.,Je pense que je peux faire mieux.
Rapport de stage - Math,L'IA m'a aidé à clarifier certains concepts.,Travail fait rapidement.
Projet - Philo,J'ai utilisé l'IA pour reformuler mes idées.,À revoir pour la prochaine fois.
Mémoire - Physique,L'IA m'a permis de mieux structurer mes phrases.,Travail fait rapidement.
Projet 42,J'ai demandé à l'IA de générer un plan.,Pas totalement satisfait du rendu.
Projet 36,J'ai demandé à l'IA des synonymes pour enrichir mon vocabulaire.,Travail fait rapidement.
Rapport de stage 26,J'ai utilisé l'IA pour reformuler mes idées.,Je pense que je peux faire mieux.
Compte rendu - Eco,J'ai demandé à l'IA des synonymes pour enrichir mon vocabulaire.,À discuter avec le professeur.
Synthèse 22,L'IA m'a aidé à corriger mes fautes d'orthographe.,"Travail fait en retard, à améliorer."
Synthèse,Je me suis aidé de l'IA pour résumer un texte.,J'ai eu du mal à comprendre certaines consignes.
Projet 5,L'IA m'a aidé à corriger mes fautes d'orthographe.,"Travail fait en retard, à améliorer."
Analyse,J'ai demandé à l'IA de générer un plan.,J'ai passé beaucoup de temps dessus.
Mémoire,L'IA m'a donné des exemples concrets.,J'ai appris beaucoup en le faisant.
Présentation - Physique,Je me suis aidé de l'IA pour résumer un texte.,Travail fait rapidement.
Projet,L'IA m'a donné des exemples concrets.,Travail fait rapidement.
Rendu du 08 November 2025,Je me suis aidé de l'IA pour résumer un texte.,J'ai passé beaucoup de temps dessus.
Compte rendu 37,L'IA m'a donné des exemples concrets.,J'ai eu du mal à comprendre certaines consignes.
Présentation - Physique,L'IA m'a donné des exemples concrets.,"Travail fait en retard, à améliorer."
Dissertation 5,J'ai demandé à l'IA de générer un plan.,J'ai passé beaucoup de temps dessus.
Présentation - Physique,L'IA m'a aidé à clarifier certains concepts.,"Travail fait en retard, à améliorer."
Exposé,L'IA m'a permis de mieux structurer mes phrases.,Je pense que je peux faire mieux.
Mémoire - Math,L'IA m'a aidé à corriger mes fautes d'orthographe.,Je pense que je peux faire mieux.
Projet 45,L'IA m'a aidé à clarifier certains concepts.,J'ai passé beaucoup de temps dessus.
Analyse,L'IA a généré un premier jet que j'ai retravaillé.,"Premier essai, pas encore au point."
Mémoire,L'IA m'a aidé à clarifier certains concepts.,"Premier essai, pas encore au point."
Rapport de stage 24,L'IA m'a aidé à corriger mes fautes d'orthographe.,"Premier essai, pas encore au point."
Mémoire,L'IA a généré un premier jet que j'ai retravaillé.,J'ai eu du mal à comprendre certaines consignes.
Dissertation,L'IA m'a permis de mieux structurer mes phrases.,À revoir pour la prochaine fois.
Analyse 43,J'ai utilisé l'IA pour vérifier la grammaire.,Je pense que je peux faire mieux.
Analyse - Eco,L'IA m'a aidé à clarifier certains concepts.,"Travail fait en retard, à améliorer."
Rendu du 04 October 2024,J'ai utilisé l'IA pour reformuler mes idées.,"Travail fait en retard, à améliorer."
Exposé,L'IA m'a donné des exemples concrets.,J'ai passé beaucoup de temps dessus.
Rapport de stage 10,J'ai utilisé l'IA pour reformuler mes idées.,Pas totalement satisfait du rendu.
Analyse 33,Je me suis aidé de l'IA pour résumer un texte.,J'ai passé beaucoup de temps dessus.
Synthèse - Math,Je me suis aidé de l'IA pour résumer un texte.,J'ai eu du mal à comprendre certaines consignes.
Présentation,L'IA m'a aidé à clarifier certains concepts.,J'ai passé beaucoup de temps dessus.
Projet,Je me suis aidé de l'IA pour résumer un texte.,À revoir pour la prochaine fois.
Dissertation,L'IA a généré un premier jet que j'ai retravaillé.,Pas totalement satisfait du rendu.
Rendu du 23 January 2025,L'IA m'a donné des exemples concrets.,Pas totalement satisfait du rendu.
Exposé,L'IA m'a donné des exemples concrets.,À revoir pour la prochaine fois.
Synthèse - Philo,L'IA m'a aidé à corriger mes fautes d'orthographe.,J'ai appris beaucoup en le faisant.
Rendu du 08 December 2025,J'ai demandé à l'IA de générer un plan.,À discuter avec le professeur.
Présentation - Math,J'ai utilisé l'IA pour vérifier la grammaire.,"Travail fait en retard, à améliorer."
Dissertation - Philo,J'ai utilisé l'IA pour vérifier la grammaire.,À revoir pour la prochaine fois.
Analyse - Math,J'ai utilisé l'IA pour reformuler mes idées.,"Premier essai, pas encore au point."
Dissertation 45,L'IA a généré un premier jet que j'ai retravaillé.,"Travail fait en retard, à améliorer."
Compte rendu 32,Je me suis aidé de l'IA pour résumer un texte.,À revoir pour la prochaine fois.
Projet - Philo,J'ai utilisé l'IA pour vérifier la grammaire.,J'ai eu du mal à comprendre certaines consignes.
Exposé - Math,J'ai utilisé l'IA pour reformuler mes idées.,J'ai appris beaucoup en le faisant.
Projet - Eco,L'IA m'a aidé à clarifier certains concepts.,J'ai appris beaucoup en le faisant.
Exposé,J'ai demandé à l'IA des synonymes pour enrichir mon vocabulaire.,"Premier essai, pas encore au point."
Dissertation 12,L'IA m'a aidé à corriger mes fautes d'orthographe.,À discuter avec le professeur.
Exposé,J'ai demandé à l'IA des synonymes pour enrichir mon vocabulaire.,J'ai passé beaucoup de temps dessus.
Rendu du 18 February 2023,Je me suis aidé de l'IA pour résumer un texte.,"Premier essai, pas encore au point."
Exposé,L'IA m'a donné des exemples concrets.,À discuter avec le professeur.
Mémoire - Info,J'ai demandé à l'IA des synonymes pour enrichir mon vocabulaire.,Je pense que je peux faire mieux.
Présentation 16,J'ai utilisé l'IA pour vérifier la grammaire.,J'ai passé beaucoup de temps dessus.
Rapport de stage - Math,L'IA m'a permis de mieux structurer mes phrases.,J'ai eu du mal à comprendre certaines consignes.
Présentation,Je me suis aidé de l'IA pour résumer un texte.,À revoir pour la prochaine fois.
Synthèse 20,L'IA m'a permis de mieux structurer mes phrases.,J'ai appris beaucoup en le faisant.
Compte rendu - Math,J'ai demandé à l'IA des synonymes pour enrichir mon vocabulaire.,Travail fait rapidement.
Mémoire,J'ai demandé à l'IA des synonymes pour enrichir mon vocabulaire.,À discuter avec le professeur.
Dissertation 13,L'IA m'a aidé à clarifier certains concepts.,J'ai passé beaucoup de temps dessus.
Présentation 34,L'IA m'a donné des exemples concrets.,"Travail fait en retard, à améliorer."
Synthèse 47,J'ai utilisé l'IA pour reformuler mes idées.,"Travail fait en retard, à améliorer."
Exposé - Eco,L'IA m'a donné des exemples concrets.,Travail fait rapidement.
Projet 9,J'ai utilisé l'IA pour vérifier la grammaire.,"Travail fait en retard, à améliorer."
Rendu du 23 June 2023,Je me suis aidé de l'IA pour résumer un texte.,Travail fait rapidement.
Projet,L'IA m'a aidé à corriger mes fautes d'orthographe.,J'ai appris beaucoup en le faisant.
Projet 42,J'ai utilisé l'IA pour vérifier la grammaire.,J'ai appris beaucoup en le faisant.
Compte rendu,J'ai utilisé l'IA pour reformuler mes idées.,"Premier essai, pas encore au point."
Mémoire - Philo,L'IA m'a aidé à clarifier certains concepts.,J'ai eu du mal à comprendre certaines consignes.
Présentation 44,L'IA a généré un premier jet que j'ai retravaillé.,J'ai appris beaucoup en le faisant.
Dissertation - Info,L'IA a généré un premier jet que j'ai retravaillé.,J'ai appris beaucoup en le faisant.
Dissertation,J'ai utilisé l'IA pour reformuler mes idées.,J'ai passé beaucoup de temps dessus.
Présentation 38,Je me suis aidé de l'IA pour résumer un texte.,"Premier essai, pas encore au point."
Exposé 48,L'IA m'a aidé à corriger mes fautes d'orthographe.,Pas totalement satisfait du rendu.
Présentation,L'IA m'a donné des exemples concrets.,À revoir pour la prochaine fois.
Dissertation 9,J'ai demandé à l'IA de générer un plan.,J'ai eu du mal à comprendre certaines consignes.
Analyse - Math,L'IA m'a permis de mieux structurer mes phrases.,À revoir pour la prochaine fois.
Rapport de stage,L'IA a généré un premier jet que j'ai retravaillé.,Pas totalement satisfait du rendu.
Compte rendu,Je me suis aidé de l'IA pour résumer un texte.,Pas totalement satisfait du rendu.
Projet,L'IA m'a donné des exemples concrets.,"Premier essai, pas encore au point."
Dissertation - Info,Je me suis aidé de l'IA pour résumer un texte.,À discuter avec le professeur.
Rapport de stage - Physique,J'ai utilisé l'IA pour vérifier la grammaire.,Travail fait rapidement.
Projet - Math,J'ai demandé à l'IA de générer un plan.,J'ai passé beaucoup de temps dessus.
Rapport de stage 7,J'ai demandé à l'IA de générer un plan.,J'ai passé beaucoup de temps dessus.
Compte rendu 25,L'IA a généré un premier jet que j'ai retravaillé.,"Premier essai, pas encore au point."
Rapport de stage 8,L'IA a généré un premier jet que j'ai retravaillé.,"Premier essai, pas encore au point."
Présentation,L'IA m'a permis de mieux structurer mes phrases.,J'ai eu du mal à comprendre certaines consignes.
Rapport de stage - Eco,J'ai utilisé l'IA pour vérifier la grammaire.,Pas totalement satisfait du rendu.
Synthèse 12,Je me suis aidé de l'IA pour résumer un texte.,"Travail fait en retard, à améliorer."
Dissertation 33,L'IA a généré un premier jet que j'ai retravaillé.,J'ai passé beaucoup de temps dessus.
Présentation,L'IA m'a permis de mieux structurer mes phrases.,J'ai eu du mal à comprendre certaines consignes.
Projet 43,Je me suis aidé de l'IA pour résumer un texte.,Pas totalement satisfait du rendu.
Compte rendu - Physique,L'IA m'a donné des exemples concrets.,Je pense que je peux faire mieux.
Projet 20,J'ai utilisé l'IA pour reformuler mes idées.,Je pense que je peux faire mieux.
Rendu du 28 December 2025,J'ai utilisé l'IA pour reformuler mes idées.,J'ai appris beaucoup en le faisant.
Compte rendu 29,L'IA m'a aidé à corriger mes fautes d'orthographe.,À discuter avec le professeur.
Dissertation 6,J'ai utilisé l'IA pour reformuler mes idées.,J'ai passé beaucoup de temps dessus.
Analyse - Philo,J'ai utilisé l'IA pour reformuler mes idées.,"Travail fait en retard, à améliorer."
Projet 44,L'IA m'a aidé à corriger mes fautes d'orthographe.,Je pense que je peux faire mieux.
Rendu du 22 February 2023,J'ai demandé à l'IA de générer un plan.,Pas totalement satisfait du rendu.
Projet 26,J'ai utilisé l'IA pour reformuler mes idées.,À revoir pour la prochaine fois.
Synthèse 6,L'IA a généré un premier jet que j'ai retravaillé.,J'ai appris beaucoup en le faisant.
Rendu du 02 August 2023,J'ai demandé à l'IA des synonymes pour enrichir mon vocabulaire.,À revoir pour la prochaine fois.
Rapport de stage,L'IA a généré un premier jet que j'ai retravaillé.,Travail fait rapidement.
Mémoire 15,J'ai demandé à l'IA de générer un plan.,À revoir pour la prochaine fois.
Analyse,L'IA m'a permis de mieux structurer mes phrases.,"Travail fait en retard, à améliorer."
Présentation 22,L'IA m'a permis de mieux structurer mes phrases.,"Premier essai, pas encore au point."
Rapport de stage,L'IA m'a permis de mieux structurer mes phrases.,Je pense que je peux faire mieux.
Analyse,L'IA m'a aidé à clarifier certains concepts.,Pas totalement satisfait du rendu.
Dissertation,L'IA m'a aidé à corriger mes fautes d'orthographe.,"Premier essai, pas encore au point."
Dissertation - Info,J'ai utilisé l'IA pour reformuler mes idées.,J'ai appris beaucoup en le faisant.
Projet 9,J'ai demandé à l'IA des synonymes pour enrichir mon vocabulaire.,"Travail fait en retard, à améliorer."
Synthèse,J'ai utilisé l'IA pour reformuler mes idées.,"Premier essai, pas encore au point."
Rendu du 09 March 2023,J'ai utilisé l'IA pour reformuler mes idées.,J'ai appris beaucoup en le faisant.
Rendu du 05 September 2023,J'ai demandé à l'IA des synonymes pour enrichir mon vocabulaire.,J'ai passé beaucoup de temps dessus.
Compte rendu - Physique,Je me suis aidé de l'IA pour résumer un texte.,Je pense que je peux faire mieux.
Compte rendu - Math,Je me suis aidé de l'IA pour résumer un texte.,À discuter avec le professeur.
Projet,L'IA m'a permis de mieux structurer mes phrases.,J'ai passé beaucoup de temps dessus.
Dissertation 10,L'IA a généré un premier jet que j'ai retravaillé.,À discuter avec le professeur.
Rendu du 27 December 2025,L'IA m'a aidé à clarifier certains concepts.,Je pense que je peux faire mieux.
Mémoire - Philo,J'ai demandé à l'IA de générer un plan.,J'ai eu du mal à comprendre certaines consignes.
Dissertation - Math,L'IA m'a aidé à corriger mes fautes d'orthographe.,Pas totalement satisfait du rendu.
Rapport de stage,L'IA m'a aidé à corriger mes fautes d'orthographe.,Je pense que je peux faire mieux.
Dissertation - Eco,J'ai demandé à l'IA de générer un plan.,Je pense que je peux faire mieux.
Dissertation 11,J'ai utilisé l'IA pour vérifier la grammaire.,"Premier essai, pas encore au point."
Mémoire - Eco,J'ai demandé à l'IA de générer un plan.,Pas totalement satisfait du rendu.
Rapport de stage 40,J'ai utilisé l'IA pour vérifier la grammaire.,Travail fait rapidement.
Exposé 46,J'ai utilisé l'IA pour reformuler mes idées.,Travail fait rapidement.
Analyse,Je me suis aidé de l'IA pour résumer un texte.,Travail fait rapidement.
Dissertation,L'IA m'a permis de mieux structurer mes phrases.,À revoir pour la prochaine fois.
Rapport de stage,L'IA m'a aidé à clarifier certains concepts.,Travail fait rapidement.
Rapport de stage - Physique,L'IA m'a permis de mieux structurer mes phrases.,À discuter avec le professeur.
Synthèse 31,L'IA a généré un premier jet que j'ai retravaillé.,"Travail fait en retard, à améliorer."
Mémoire,L'IA m'a aidé à corriger mes fautes d'orthographe.,Je pense que je peux faire mieux.
Synthèse - Philo,J'ai demandé à l'IA de générer un plan.,À revoir pour la prochaine fois.
Mémoire,L'IA a généré un premier jet que j'ai retravaillé.,Je pense que je peux faire mieux.
Présentation - Math,J'ai utilisé l'IA pour reformuler mes idées.,À discuter avec le professeur.
Synthèse - Philo,J'ai demandé à l'IA des synonymes pour enrichir mon vocabulaire.,J'ai passé beaucoup de temps dessus.
Dissertation 10,J'ai utilisé l'IA pour reformuler mes idées.,Je pense que je peux faire mieux.
Présentation 37,L'IA m'a donné des exemples concrets.,J'ai eu du mal à comprendre certaines consignes.
Rendu du 07 November 2025,J'ai demandé à l'IA des synonymes pour enrichir mon vocabulaire.,Travail fait rapidement.
Compte rendu,L'IA m'a aidé à corriger mes fautes d'orthographe.,"Travail fait en retard, à améliorer."
Synthèse 7,L'IA m'a permis de mieux structurer mes phrases.,Travail fait rapidement.
Synthèse,L'IA m'a aidé à corriger mes fautes d'orthographe.,J'ai passé beaucoup de temps dessus.
Présentation,L'IA m'a permis de mieux structurer mes phrases.,J'ai passé beaucoup de temps dessus.
Rendu du 19 October 2024,J'ai utilisé l'IA pour reformuler mes idées.,À discuter avec le professeur.
Présentation,J'ai utilisé l'IA pour reformuler mes idées.,"Premier essai, pas encore au point."
Rendu du 07 February 2025,J'ai utilisé l'IA pour vérifier la grammaire.,Pas totalement satisfait du rendu.
Dissertation - Philo,L'IA m'a aidé à clarifier certains concepts.,Pas totalement satisfait du rendu.
Dissertation - Info,L'IA m'a aidé à corriger mes fautes d'orthographe.,Pas totalement satisfait du rendu.
Rendu du 29 April 2025,L'IA a généré un premier jet que j'ai retravaillé.,Je pense que je peux faire mieux.
Projet 25,L'IA m'a aidé à clarifier certains concepts.,Travail fait rapidement.
Rapport de stage,L'IA m'a permis de mieux structurer mes phrases.,Travail fait rapidement.
Exposé - Math,L'IA m'a permis de mieux structurer mes phrases.,Je pense que je peux faire mieux.
Rapport de stage,L'IA m'a aidé à corriger mes fautes d'orthographe.,À revoir pour la prochaine fois.
Compte rendu - Math,J'ai utilisé l'IA pour vérifier la grammaire.,Pas totalement satisfait du rendu.
Rapport de stage 3,J'ai demandé à l'IA des synonymes pour enrichir mon vocabulaire.,Je pense que je peux faire mieux.
Dissertation,L'IA a généré un premier jet que j'ai retravaillé.,Je pense que je peux faire mieux.
Projet,J'ai demandé à l'IA des synonymes pour enrichir mon vocabulaire.,Je pense que je peux faire mieux.
Présentation 16,L'IA a généré un premier jet que j'ai retravaillé.,J'ai appris beaucoup en le faisant.
Synthèse,L'IA a généré un premier jet que j'ai retravaillé.,"Travail fait en retard, à améliorer."
Rendu du 03 December 2025,L'IA m'a donné des exemples concrets.,À discuter avec le professeur.
Présentation 41,L'IA m'a aidé à clarifier certains concepts.,J'ai appris beaucoup en le faisant.
Synthèse - Math,L'IA m'a aidé à corriger mes fautes d'orthographe.,Pas totalement satisfait du rendu.
Projet,L'IA a généré un premier jet que j'ai retravaillé.,"Travail fait en retard, à améliorer."
Dissertation,J'ai utilisé l'IA pour vérifier la grammaire.,Travail fait rapidement.
Synthèse - Physique,J'ai utilisé l'IA pour reformuler mes idées.,"Premier essai, pas encore au point."
Projet,L'IA m'a aidé à corriger mes fautes d'orthographe.,"Premier essai, pas encore au point."
Projet - Info,L'IA m'a aidé à clarifier certains concepts.,J'ai passé beaucoup de temps dessus.
Compte rendu 1,J'ai utilisé l'IA pour reformuler mes idées.,À discuter avec le professeur.
Compte rendu - Math,J'ai utilisé l'IA pour vérifier la grammaire.,"Premier essai, pas encore au point."
Dissertation 8,J'ai utilisé l'IA pour reformuler mes idées.,J'ai appris beaucoup en le faisant.
Compte rendu 15,Je me suis aidé de l'IA pour résumer un texte.,À revoir pour la prochaine fois.
Mémoire 29,J'ai demandé à l'IA de générer un plan.,"Travail fait en retard, à améliorer."
Rendu du 31 August 2024,L'IA m'a aidé à corriger mes fautes d'orthographe.,À revoir pour la prochaine fois.
Exposé 24,J'ai demandé à l'IA des synonymes pour enrichir mon vocabulaire.,À revoir pour la prochaine fois.
Analyse,J'ai demandé à l'IA des synonymes pour enrichir mon vocabulaire.,"Premier essai, pas encore au point."
Rendu du 11 March 2023,L'IA m'a aidé à corriger mes fautes d'orthographe.,J'ai eu du mal à comprendre certaines consignes.
Compte rendu 2,Je me suis aidé de l'IA pour résumer un texte.,À discuter avec le professeur.
Rendu du 29 May 2023,Je me suis aidé de l'IA pour résumer un texte.,Pas totalement satisfait du rendu.
Projet - Math,L'IA m'a permis de mieux structurer mes phrases.,J'ai eu du mal à comprendre certaines consignes.
Synthèse,L'IA a généré un premier jet que j'ai retravaillé.,"Premier essai, pas encore au point."
Mémoire 11,J'ai demandé à l'IA de générer un plan.,À discuter avec le professeur.
Présentation,J'ai utilisé l'IA pour vérifier la grammaire.,J'ai passé beaucoup de temps dessus.
Analyse,J'ai utilisé l'IA pour reformuler mes idées.,À discuter avec le professeur.
Exposé 38,L'IA m'a aidé à corriger mes fautes d'orthographe.,"Travail fait en retard, à améliorer."
Exposé - Math,L'IA m'a aidé à clarifier certains concepts.,J'ai passé beaucoup de temps dessus.
Analyse - Physique,Je me suis aidé de l'IA pour résumer un texte.,Pas totalement satisfait du rendu.
Compte rendu 37,L'IA a généré un premier jet que j'ai retravaillé.,J'ai passé beaucoup de temps dessus.
Compte rendu,J'ai utilisé l'IA pour vérifier la grammaire.,Travail fait rapidement.
Rapport de stage - Physique,J'ai demandé à l'IA de générer un plan.,"Premier essai, pas encore au point."
Analyse - Physique,J'ai demandé à l'IA des synonymes pour enrichir mon vocabulaire.,Je pense que je peux faire mieux.
Synthèse,L'IA m'a aidé à corriger mes fautes d'orthographe.,"Premier essai, pas encore au point."
Analyse - Math,L'IA m'a donné des exemples concrets.,J'ai appris beaucoup en le faisant.
Présentation - Info,L'IA m'a permis de mieux structurer mes phrases.,À revoir pour la prochaine fois.
Compte rendu,L'IA a généré un premier jet que j'ai retravaillé.,Travail fait rapidement.
Mémoire,J'ai utilisé l'IA pour reformuler mes idées.,"Premier essai, pas encore au point."
Synthèse,J'ai demandé à l'IA des synonymes pour enrichir mon vocabulaire.,À revoir pour la prochaine fois.
Analyse 19,L'IA m'a donné des exemples concrets.,À discuter avec le professeur.
Rendu du 27 June 2023,J'ai utilisé l'IA pour reformuler mes idées.,"Premier essai, pas encore au point."
Mémoire 31,L'IA m'a donné des exemples concrets.,À revoir pour la prochaine fois.
Synthèse,L'IA a généré un premier jet que j'ai retravaillé.,Travail fait rapidement.
Analyse,L'IA m'a permis de mieux structurer mes phrases.,J'ai appris beaucoup en le faisant.
Dissertation,J'ai demandé à l'IA des synonymes pour enrichir mon vocabulaire.,Pas totalement satisfait du rendu.
Projet 47,J'ai utilisé l'IA pour vérifier la grammaire.,À revoir pour la prochaine fois.
Exposé 23,J'ai utilisé l'IA pour vérifier la grammaire.,Pas totalement satisfait du rendu.
Compte rendu,J'ai utilisé l'IA pour reformuler mes idées.,À revoir pour la prochaine fois.
Dissertation - Physique,J'ai demandé à l'IA de générer un plan.,J'ai passé beaucoup de temps dessus.
Rendu du 03 December 2023,L'IA m'a permis de mieux structurer mes phrases.,À revoir pour la prochaine fois.
Mémoire 26,L'IA m'a donné des exemples concrets.,À discuter avec le professeur.
Dissertation - Philo,J'ai demandé à l'IA des synonymes pour enrichir mon vocabulaire.,Je pense que je peux faire mieux.
Rapport de stage,J'ai utilisé l'IA pour reformuler mes idées.,"Travail fait en retard, à améliorer."
Compte rendu 17,J'ai utilisé l'IA pour reformuler mes idées.,J'ai eu du mal à comprendre certaines consignes.
Mémoire,J'ai utilisé l'IA pour vérifier la grammaire.,J'ai passé beaucoup de temps dessus.
Compte rendu 14,L'IA m'a aidé à corriger mes fautes d'orthographe.,J'ai passé beaucoup de temps dessus.
Exposé,L'IA m'a donné des exemples concrets.,J'ai appris beaucoup en le faisant.
Mémoire,L'IA m'a permis de mieux structurer mes phrases.,À revoir pour la prochaine fois.
Présentation 35,J'ai utilisé l'IA pour reformuler mes idées.,Je pense que je peux faire mieux.
Projet,L'IA m'a donné des exemples concrets.,À discuter avec le professeur.
Rendu du 15 April 2022,L'IA m'a permis de mieux structurer mes phrases.,Travail fait rapidement.
Dissertation - Info,J'ai utilisé l'IA pour reformuler mes idées.,À discuter avec le professeur.
Exposé - Physique,L'IA m'a aidé à corriger mes fautes d'orthographe.,J'ai appris beaucoup en le faisant.
Présentation - Philo,L'IA m'a aidé à clarifier certains concepts.,À discuter avec le professeur.
Dissertation 3,J'ai utilisé l'IA pour reformuler mes idées.,J'ai appris beaucoup en le faisant.
Dissertation,L'IA m'a donné des exemples concrets.,Pas totalement satisfait du rendu.
Présentation - Physique,J'ai utilisé l'IA pour vérifier la grammaire.,"Travail fait en retard, à améliorer."
Rapport de stage - Math,J'ai demandé à l'IA de générer un plan.,J'ai passé beaucoup de temps dessus.
Analyse - Physique,J'ai demandé à l'IA des synonymes pour enrichir mon vocabulaire.,J'ai appris beaucoup en le faisant.
Rendu du 29 October 2022,L'IA a généré un premier jet que j'ai retravaillé.,J'ai appris beaucoup en le faisant.
Synthèse,L'IA m'a aidé à corriger mes fautes d'orthographe.,Travail fait rapidement.
Rapport de stage 12,J'ai utilisé l'IA pour vérifier la grammaire.,À revoir pour la prochaine fois.
Compte rendu - Eco,L'IA m'a aidé à clarifier certains concepts.,J'ai appris beaucoup en le faisant.
Mémoire - Physique,J'ai utilisé l'IA pour reformuler mes idées.,J'ai passé beaucoup de temps dessus.
Dissertation,J'ai demandé à l'IA des synonymes pour enrichir mon vocabulaire.,J'ai passé beaucoup de temps dessus.
Rapport de stage - Philo,L'IA a généré un premier jet que j'ai retravaillé.,J'ai eu du mal à comprendre certaines consignes.
Rendu du 25 October 2025,J'ai utilisé l'IA pour reformuler mes idées.,"Premier essai, pas encore au point."
Compte rendu 44,L'IA a généré un premier jet que j'ai retravaillé.,J'ai eu du mal à comprendre certaines consignes.
Projet - Info,L'IA m'a donné des exemples concrets.,J'ai passé beaucoup de temps dessus.
Présentation,J'ai utilisé l'IA pour vérifier la grammaire.,À discuter avec le professeur.
Compte rendu - Math,L'IA m'a aidé à clarifier certains concepts.,Pas totalement satisfait du rendu.
Présentation 28,J'ai demandé à l'IA des synonymes pour enrichir mon vocabulaire.,"Premier essai, pas encore au point."
Projet - Physique,J'ai demandé à l'IA des synonymes pour enrichir mon vocabulaire.,"Premier essai, pas encore au point."
Rapport de stage - Math,J'ai utilisé l'IA pour reformuler mes idées.,J'ai eu du mal à comprendre certaines consignes.
Exposé,L'IA m'a donné des exemples concrets.,À discuter avec le professeur.
Dissertation,J'ai utilisé l'IA pour vérifier la grammaire.,Pas totalement satisfait du rendu.
Rendu du 13 October 2024,J'ai demandé à l'IA de générer un plan.,"Premier essai, pas encore au point."
Mémoire,L'IA m'a aidé à clarifier certains concepts.,Je pense que je peux faire mieux.
Synthèse,L'IA m'a donné des exemples concrets.,À revoir pour la prochaine fois.
Présentation,Je me suis aidé de l'IA pour résumer un texte.,"Premier essai, pas encore au point."
Mémoire - Eco,J'ai utilisé l'IA pour vérifier la grammaire.,Travail fait rapidement.
Présentation,L'IA m'a aidé à corriger mes fautes d'orthographe.,Travail fait rapidement.
Projet 48,J'ai demandé à l'IA de générer un plan.,Pas totalement satisfait du rendu.
Rendu du 26 September 2025,Je me suis aidé de l'IA pour résumer un texte.,"Premier essai, pas encore au point."
Exposé,L'IA m'a permis de mieux structurer mes phrases.,"Premier essai, pas encore au point."
Projet,L'IA m'a permis de mieux structurer mes phrases.,"Premier essai, pas encore au point."
Rendu du 10 March 2023,J'ai utilisé l'IA pour vérifier la grammaire.,Pas totalement satisfait du rendu.
Exposé,L'IA a généré un premier jet que j'ai retravaillé.,J'ai appris beaucoup en le faisant.
Rapport de stage,L'IA m'a aidé à corriger mes fautes d'orthographe.,"Travail fait en retard, à améliorer."
Mémoire 17,L'IA m'a aidé à clarifier certains concepts.,Travail fait rapidement.
Mémoire 28,J'ai demandé à l'IA de générer un plan.,À revoir pour la prochaine fois.
Rapport de stage - Physique,J'ai demandé à l'IA de générer un plan.,Travail fait rapidement.
Rapport de stage,L'IA m'a aidé à corriger mes fautes d'orthographe.,À discuter avec le professeur.
Rendu du 25 October 2025,L'IA m'a permis de mieux structurer mes phrases.,Pas totalement satisfait du rendu.
Rendu du 11 June 2024,Je me suis aidé de l'IA pour résumer un texte.,"Travail fait en retard, à améliorer."
Projet - Info,J'ai utilisé l'IA pour vérifier la grammaire.,À revoir pour la prochaine fois.
Exposé 3,Je me suis aidé de l'IA pour résumer un texte.,À revoir pour la prochaine fois.
Mémoire,L'IA a généré un premier jet que j'ai retravaillé.,J'ai eu du mal à comprendre certaines consignes.
Mémoire,L'IA a généré un premier jet que j'ai retravaillé.,Pas totalement satisfait du rendu.
Exposé 11,J'ai demandé à l'IA de générer un plan.,"Premier essai, pas encore au point."
Synthèse - Math,Je me suis aidé de l'IA pour résumer un texte.,Pas totalement satisfait du rendu.
Projet - Physique,J'ai utilisé l'IA pour vérifier la grammaire.,Travail fait rapidement.
Rapport de stage - Math,J'ai utilisé l'IA pour reformuler mes idées.,J'ai eu du mal à comprendre certaines consignes.
Mémoire 36,J'ai utilisé l'IA pour reformuler mes idées.,J'ai appris beaucoup en le faisant.
Synthèse 50,J'ai demandé à l'IA des synonymes pour enrichir mon vocabulaire.,J'ai appris beaucoup en le faisant.
Présentation 44,J'ai utilisé l'IA pour vérifier la grammaire.,Pas totalement satisfait du rendu.
Présentation 1,L'IA m'a aidé à clarifier certains concepts.,J'ai appris beaucoup en le faisant.
Rendu du 21 July 2022,L'IA m'a donné des exemples concrets.,J'ai eu du mal à comprendre certaines consignes.
Projet 43,J'ai utilisé l'IA pour vérifier la grammaire.,"Travail fait en retard, à améliorer."
Rapport de stage - Eco,L'IA a généré un premier jet que j'ai retravaillé.,Travail fait rapidement.
Présentation - Philo,L'IA m'a permis de mieux structurer mes phrases.,À revoir pour la prochaine fois.
Analyse 11,Je me suis aidé de l'IA pour résumer un texte.,À revoir pour la prochaine fois.
Rapport de stage - Philo,J'ai demandé à l'IA de générer un plan.,J'ai appris beaucoup en le faisant.
Rendu du 19 September 2022,L'IA m'a aidé à clarifier certains concepts.,J'ai appris beaucoup en le faisant.
Dissertation - Info,J'ai demandé à l'IA de générer un plan.,Je pense que je peux faire mieux.
Rendu du 14 July 2023,J'ai demandé à l'IA de générer un plan.,À discuter avec le professeur.
Rapport de stage,J'ai utilisé l'IA pour reformuler mes idées.,"Travail fait en retard, à améliorer."
Dissertation,L'IA m'a permis de mieux structurer mes phrases.,Travail fait rapidement.
Rendu du 23 December 2025,L'IA a généré un premier jet que j'ai retravaillé.,J'ai eu du mal à comprendre certaines consignes.
Rendu du 01 December 2022,J'ai utilisé l'IA pour reformuler mes idées.,À discuter avec le professeur.
Compte rendu - Math,L'IA m'a permis de mieux structurer mes phrases.,J'ai passé beaucoup de temps dessus.
Compte rendu - Info,L'IA m'a donné des exemples concrets.,J'ai eu du mal à comprendre certaines consignes.
Présentation 27,L'IA m'a aidé à corriger mes fautes d'orthographe.,À discuter avec le professeur.
Dissertation,J'ai utilisé l'IA pour reformuler mes idées.,J'ai eu du mal à comprendre certaines consignes.
Dissertation - Info,L'IA m'a donné des exemples concrets.,J'ai appris beaucoup en le faisant.
Analyse,L'IA m'a donné des exemples concrets.,J'ai eu du mal à comprendre certaines consignes.
Synthèse 34,J'ai demandé à l'IA des synonymes pour enrichir mon vocabulaire.,"Premier essai, pas encore au point."
Compte rendu - Info,L'IA m'a aidé à clarifier certains concepts.,Pas totalement satisfait du rendu.
Dissertation 31,J'ai demandé à l'IA de générer un plan.,À discuter avec le professeur.
Mémoire,J'ai demandé à l'IA de générer un plan.,À discuter avec le professeur.
Analyse - Philo,L'IA m'a aidé à corriger mes fautes d'orthographe.,Je pense que je peux faire mieux.
Mémoire,L'IA m'a aidé à clarifier certains concepts.,Pas totalement satisfait du rendu.
Mémoire - Math,L'IA m'a permis de mieux structurer mes phrases.,J'ai passé beaucoup de temps dessus.
Analyse,Je me suis aidé de l'IA pour résumer un texte.,"Travail fait en retard, à améliorer."
Projet,J'ai demandé à l'IA des synonymes pour enrichir mon vocabulaire.,À discuter avec le professeur.
Projet 50,L'IA m'a permis de mieux structurer mes phrases.,"Travail fait en retard, à améliorer."
Analyse 29,J'ai utilisé l'IA pour vérifier la grammaire.,Pas totalement satisfait du rendu.
Dissertation 11,J'ai demandé à l'IA des synonymes pour enrichir mon vocabulaire.,À revoir pour la prochaine fois.
Mémoire,L'IA m'a donné des exemples concrets.,Je pense que je peux faire mieux.
Dissertation - Physique,J'ai demandé à l'IA des synonymes pour enrichir mon vocabulaire.,À revoir pour la prochaine fois.
Analyse,J'ai demandé à l'IA des synonymes pour enrichir mon vocabulaire.,Pas totalement satisfait du rendu.
Dissertation 43,J'ai utilisé l'IA pour reformuler mes idées.,Pas totalement satisfait du rendu.
Synthèse 27,L'IA m'a donné des exemples concrets.,"Premier essai, pas encore au point."
Présentation,L'IA m'a donné des exemples concrets.,Pas totalement satisfait du rendu.
Rapport de stage - Eco,J'ai utilisé l'IA pour reformuler mes idées.,J'ai appris beaucoup en le faisant.
Exposé 35,Je me suis aidé de l'IA pour résumer un texte.,J'ai appris beaucoup en le faisant.
Exposé,J'ai demandé à l'IA de générer un plan.,Travail fait rapidement.
Analyse,L'IA m'a aidé à clarifier certains concepts.,"Premier essai, pas encore au point."
Rapport de stage 6,J'ai utilisé l'IA pour vérifier la grammaire.,À revoir pour la prochaine fois.
Dissertation - Info,J'ai demandé à l'IA de générer un plan.,J'ai passé beaucoup de temps dessus.
Rendu du 25 April 2025,L'IA a généré un premier jet que j'ai retravaillé.,J'ai appris beaucoup en le faisant.
Rendu du 19 February 2024,L'IA m'a permis de mieux structurer mes phrases.,"Travail fait en retard, à améliorer."
Analyse 46,L'IA a généré un premier jet que j'ai retravaillé.,J'ai appris beaucoup en le faisant.
Rendu du 06 September 2024,J'ai utilisé l'IA pour vérifier la grammaire.,"Premier essai, pas encore au point."
Synthèse 11,J'ai utilisé l'IA pour reformuler mes idées.,"Travail fait en retard, à améliorer."
Synthèse 19,L'IA a généré un premier jet que j'ai retravaillé.,"Premier essai, pas encore au point."
Synthèse - Math,L'IA m'a permis de mieux structurer mes phrases.,À discuter avec le professeur.
Compte rendu 20,J'ai demandé à l'IA de générer un plan.,À revoir pour la prochaine fois.
Synthèse 40,L'IA m'a permis de mieux structurer mes phrases.,À discuter avec le professeur.
Projet 35,L'IA m'a permis de mieux structurer mes phrases.,Pas totalement satisfait du rendu.
Rapport de stage 20,J'ai demandé à l'IA des synonymes pour enrichir mon vocabulaire.,J'ai eu du mal à comprendre certaines consignes.
Analyse 41,L'IA a généré un premier jet que j'ai retravaillé.,"Travail fait en retard, à améliorer."
Analyse,J'ai demandé à l'IA de générer un plan.,J'ai passé beaucoup de temps dessus.
Rendu du 23 January 2022,L'IA m'a donné des exemples concrets.,J'ai appris beaucoup en le faisant.
Exposé 9,L'IA m'a permis de mieux structurer mes phrases.,"Travail fait en retard, à améliorer."
Rendu du 03 September 2023,J'ai demandé à l'IA des synonymes pour enrichir mon vocabulaire.,J'ai appris beaucoup en le faisant.
Rapport de stage,L'IA m'a permis de mieux structurer mes phrases.,Pas totalement satisfait du rendu.
Rendu du 09 October 2022,J'ai utilisé l'IA pour vérifier la grammaire.,À revoir pour la prochaine fois.
Synthèse - Philo,L'IA m'a aidé à corriger mes fautes d'orthographe.,J'ai appris beaucoup en le faisant.
Analyse 23,Je me suis aidé de l'IA pour résumer un texte.,Je pense que je peux faire mieux.
Analyse - Philo,L'IA a généré un premier jet que j'ai retravaillé.,J'ai appris beaucoup en le faisant.
Analyse - Eco,L'IA m'a permis de mieux structurer mes phrases.,"Travail fait en retard, à améliorer."
Analyse 47,L'IA m'a aidé à clarifier certains concepts.,À revoir pour la prochaine fois.
Exposé,L'IA m'a permis de mieux structurer mes phrases.,"Travail fait en retard, à améliorer."
Synthèse 16,L'IA a généré un premier jet que j'ai retravaillé.,Pas totalement satisfait du rendu.
Projet,J'ai utilisé l'IA pour reformuler mes idées.,À revoir pour la prochaine fois.
Exposé,L'IA m'a permis de mieux structurer mes phrases.,Travail fait rapidement.
Dissertation 39,L'IA m'a permis de mieux structurer mes phrases.,Travail fait rapidement.
Projet,J'ai utilisé l'IA pour vérifier la grammaire.,J'ai appris beaucoup en le faisant.
Synthèse 41,L'IA m'a aidé à corriger mes fautes d'orthographe.,"Travail fait en retard, à améliorer."
Présentation,L'IA m'a permis de mieux structurer mes phrases.,"Premier essai, pas encore au point."
Exposé - Math,J'ai utilisé l'IA pour reformuler mes idées.,J'ai appris beaucoup en le faisant.
Compte rendu,L'IA m'a permis de mieux structurer mes phrases.,J'ai passé beaucoup de temps dessus.
Rapport de stage - Philo,J'ai demandé à l'IA de générer un plan.,Je pense que je peux faire mieux.
Compte rendu,L'IA m'a donné des exemples concrets.,"Travail fait en retard, à améliorer."
Compte rendu 47,J'ai utilisé l'IA pour reformuler mes idées.,J'ai passé beaucoup de temps dessus.
Dissertation - Math,L'IA a généré un premier jet que j'ai retravaillé.,À discuter avec le professeur.
Exposé,J'ai utilisé l'IA pour vérifier la grammaire.,Travail fait rapidement.
Mémoire 27,L'IA m'a donné des exemples concrets.,À revoir pour la prochaine fois.
Projet 49,L'IA m'a aidé à clarifier certains concepts.,À revoir pour la prochaine fois.
Compte rendu,J'ai demandé à l'IA de générer un plan.,J'ai passé beaucoup de temps dessus.
Rapport de stage,J'ai utilisé l'IA pour vérifier la grammaire.,"Premier essai, pas encore au point."
Compte rendu 11,L'IA m'a permis de mieux structurer mes phrases.,"Premier essai, pas encore au point."
Synthèse,L'IA m'a aidé à clarifier certains concepts.,J'ai appris beaucoup en le faisant.
Analyse,L'IA m'a donné des exemples concrets.,À revoir pour la prochaine fois.
Dissertation,Je me suis aidé de l'IA pour résumer un texte.,Travail fait rapidement.
Exposé 4,J'ai demandé à l'IA de générer un plan.,Pas totalement satisfait du rendu.
Présentation 50,J'ai demandé à l'IA des synonymes pour enrichir mon vocabulaire.,J'ai appris beaucoup en le faisant.
Synthèse 43,L'IA a généré un premier jet que j'ai retravaillé.,Pas totalement satisfait du rendu.
Rapport de stage,J'ai demandé à l'IA de générer un plan.,À revoir pour la prochaine fois.
Mémoire,L'IA m'a donné des exemples concrets.,"Travail fait en retard, à améliorer."
Exposé - Math,L'IA m'a aidé à corriger mes fautes d'orthographe.,J'ai passé beaucoup de temps dessus.
Compte rendu 34,J'ai demandé à l'IA des synonymes pour enrichir mon vocabulaire.,"Premier essai, pas encore au point."
Compte rendu 42,J'ai demandé à l'IA des synonymes pour enrichir mon vocabulaire.,"Premier essai, pas encore au point."
Rendu du 20 December 2024,L'IA m'a permis de mieux structurer mes phrases.,Je pense que je peux faire mieux.
Mémoire - Math,Je me suis aidé de l'IA pour résumer un texte.,J'ai passé beaucoup de temps dessus.
Présentation 33,J'ai utilisé l'IA pour vérifier la grammaire.,À revoir pour la prochaine fois.
Présentation 40,J'ai demandé à l'IA des synonymes pour enrichir mon vocabulaire.,Travail fait rapidement.
Dissertation - Info,J'ai utilisé l'IA pour vérifier la grammaire.,Pas totalement satisfait du rendu.
Compte rendu 37,L'IA m'a aidé à corriger mes fautes d'orthographe.,Travail fait rapidement.
Mémoire 39,L'IA m'a donné des exemples concrets.,Je pense que je peux faire mieux.
Analyse 34,L'IA m'a donné des exemples concrets.,À revoir pour la prochaine fois.
Dissertation - Math,L'IA a généré un premier jet que j'ai retravaillé.,J'ai eu du mal à comprendre certaines consignes.
Analyse,L'IA m'a permis de mieux structurer mes phrases.,"Travail fait en retard, à améliorer."
Exposé - Info,L'IA m'a aidé à corriger mes fautes d'orthographe.,À discuter avec le professeur.
Rapport de stage - Info,J'ai demandé à l'IA de générer un plan.,À revoir pour la prochaine fois.
Analyse 33,J'ai demandé à l'IA de générer un plan.,À discuter avec le professeur.
Mémoire - Info,Je me suis aidé de l'IA pour résumer un texte.,Je pense que je peux faire mieux.
Rapport de stage,L'IA m'a permis de mieux structurer mes phrases.,Pas totalement satisfait du rendu.
Synthèse,L'IA m'a aidé à clarifier certains concepts.,Pas totalement satisfait du rendu.
Projet - Eco,L'IA m'a permis de mieux structurer mes phrases.,J'ai eu du mal à comprendre certaines consignes.
Dissertation - Info,L'IA a généré un premier jet que j'ai retravaillé.,À discuter avec le professeur.
Analyse 33,J'ai demandé à l'IA des synonymes pour enrichir mon vocabulaire.,J'ai passé beaucoup de temps dessus.
Projet - Philo,L'IA a généré un premier jet que j'ai retravaillé.,Je pense que je peux faire mieux.
Compte rendu,L'IA m'a donné des exemples concrets.,J'ai appris beaucoup en le faisant.
Mémoire - Info,L'IA m'a aidé à corriger mes fautes d'orthographe.,À revoir pour la prochaine fois.
Analyse 13,L'IA m'a permis de mieux structurer mes phrases.,J'ai appris beaucoup en le faisant.
Compte rendu,L'IA m'a aidé à corriger mes fautes d'orthographe.,J'ai eu du mal à comprendre certaines consignes.
Analyse 19,J'ai utilisé l'IA pour reformuler mes idées.,Pas totalement satisfait du rendu.
Projet,J'ai demandé à l'IA de générer un plan.,Je pense que je peux faire mieux.
Compte rendu 31,J'ai demandé à l'IA des synonymes pour enrichir mon vocabulaire.,À discuter avec le professeur.
Présentation,L'IA a généré un premier jet que j'ai retravaillé.,J'ai appris beaucoup en le faisant.
Synthèse,L'IA m'a aidé à corriger mes fautes d'orthographe.,J'ai appris beaucoup en le faisant.
Rapport de stage,L'IA m'a donné des exemples concrets.,"Travail fait en retard, à améliorer."
Rapport de stage,J'ai demandé à l'IA de générer un plan.,"Travail fait en retard, à améliorer."
Projet,J'ai utilisé l'IA pour reformuler mes idées.,Travail fait rapidement.
Projet - Math,L'IA a généré un premier jet que j'ai retravaillé.,"Premier essai, pas encore au point."
Rendu du 15 October 2025,L'IA m'a aidé à clarifier certains concepts.,J'ai appris beaucoup en le faisant.
Exposé - Philo,L'IA m'a aidé à corriger mes fautes d'orthographe.,À revoir pour la prochaine fois.
Rendu du 11 June 2025,L'IA m'a aidé à corriger mes fautes d'orthographe.,"Travail fait en retard, à améliorer."
Exposé - Info,L'IA a généré un premier jet que j'ai retravaillé.,"Premier essai, pas encore au point."
Rapport de stage,J'ai demandé à l'IA de générer un plan.,J'ai passé beaucoup de temps dessus.
Dissertation 29,L'IA m'a aidé à clarifier certains concepts.,"Premier essai, pas encore au point."
Dissertation - Info,L'IA m'a donné des exemples concrets.,"Premier essai, pas encore au point."
Dissertation - Eco,J'ai demandé à l'IA des synonymes pour enrichir mon vocabulaire.,J'ai appris beaucoup en le faisant.
Compte rendu - Physique,J'ai utilisé l'IA pour reformuler mes idées.,J'ai eu du mal à comprendre certaines consignes.
Rapport de stage - Info,J'ai utilisé l'IA pour reformuler mes idées.,J'ai passé beaucoup de temps dessus.
Rapport de stage - Info,L'IA m'a permis de mieux structurer mes phrases.,"Premier essai, pas encore au point."
Projet - Eco,L'IA m'a aidé à corriger mes fautes d'orthographe.,Je pense que je peux faire mieux.
Synthèse - Philo,L'IA m'a aidé à corriger mes fautes d'orthographe.,Je pense que je peux faire mieux.
Compte rendu - Info,J'ai demandé à l'IA des synonymes pour enrichir mon vocabulaire.,Je pense que je peux faire mieux.
Rapport de stage - Math,L'IA m'a donné des exemples concrets.,"Premier essai, pas encore au point."
Dissertation 46,L'IA m'a permis de mieux structurer mes phrases.,"Premier essai, pas encore au point."
Exposé 40,L'IA m'a aidé à corriger mes fautes d'orthographe.,J'ai eu du mal à comprendre certaines consignes.
Analyse 9,L'IA m'a aidé à clarifier certains concepts.,À discuter avec le professeur.
Synthèse,L'IA m'a aidé à corriger mes fautes d'orthographe.,"Premier essai, pas encore au point."
Exposé 14,J'ai demandé à l'IA des synonymes pour enrichir mon vocabulaire.,"Travail fait en retard, à améliorer."
Dissertation,L'IA m'a permis de mieux structurer mes phrases.,J'ai passé beaucoup de temps dessus.
Exposé - Eco,L'IA m'a permis de mieux structurer mes phrases.,Je pense que je peux faire mieux.
Exposé 39,J'ai demandé à l'IA de générer un plan.,J'ai passé beaucoup de temps dessus.
Exposé,L'IA m'a aidé à corriger mes fautes d'orthographe.,À discuter avec le professeur.
Rendu du 03 January 2024,J'ai utilisé l'IA pour vérifier la grammaire.,J'ai eu du mal à comprendre certaines consignes.
Mémoire - Eco,L'IA a généré un premier jet que j'ai retravaillé.,Travail fait rapidement.
Dissertation,Je me suis aidé de l'IA pour résumer un texte.,Je pense que je peux faire mieux.
Rapport de stage 20,L'IA m'a permis de mieux structurer mes phrases.,"Premier essai, pas encore au point."
Exposé 30,L'IA a généré un premier jet que j'ai retravaillé.,À discuter avec le professeur.
Dissertation,J'ai utilisé l'IA pour vérifier la grammaire.,J'ai passé beaucoup de temps dessus.
Dissertation - Info,J'ai utilisé l'IA pour reformuler mes idées.,J'ai passé beaucoup de temps dessus.
Compte rendu 6,Je me suis aidé de l'IA pour résumer un texte.,Je pense que je peux faire mieux.
Rapport de stage,Je me suis aidé de l'IA pour résumer un texte.,"Premier essai, pas encore au point."
Projet,L'IA m'a aidé à corriger mes fautes d'orthographe.,Pas totalement satisfait du rendu.
Mémoire - Philo,L'IA m'a donné des exemples concrets.,"Travail fait en retard, à améliorer."
Mémoire 45,L'IA m'a donné des exemples concrets.,"Premier essai, pas encore au point."
Compte rendu - Eco,L'IA m'a permis de mieux structurer mes phrases.,"Premier essai, pas encore au point."
Présentation - Math,L'IA m'a donné des exemples concrets.,À discuter avec le professeur.
Analyse 1,J'ai utilisé l'IA pour reformuler mes idées.,J'ai eu du mal à comprendre certaines consignes.
Mémoire,L'IA m'a donné des exemples concrets.,J'ai eu du mal à comprendre certaines consignes.
Exposé 45,L'IA m'a aidé à corriger mes fautes d'orthographe.,J'ai eu du mal à comprendre certaines consignes.
Analyse - Eco,J'ai utilisé l'IA pour reformuler mes idées.,"Travail fait en retard, à améliorer."
Présentation,L'IA m'a permis de mieux structurer mes phrases.,J'ai eu du mal à comprendre certaines consignes.
Projet 21,J'ai utilisé l'IA pour vérifier la grammaire.,Pas totalement satisfait du rendu.
Rendu du 30 December 2024,L'IA m'a aidé à corriger mes fautes d'orthographe.,Je pense que je peux faire mieux.
Rapport de stage - Philo,L'IA m'a permis de mieux structurer mes phrases.,J'ai appris beaucoup en le faisant.
Projet - Physique,Je me suis aidé de l'IA pour résumer un texte.,À revoir pour la prochaine fois.
Synthèse - Philo,J'ai utilisé l'IA pour reformuler mes idées.,J'ai appris beaucoup en le faisant.
Rapport de stage - Philo,L'IA a généré un premier jet que j'ai retravaillé.,"Travail fait en retard, à améliorer."
Synthèse 8,J'ai demandé à l'IA des synonymes pour enrichir mon vocabulaire.,À revoir pour la prochaine fois.
Mémoire - Info,L'IA m'a aidé à clarifier certains concepts.,"Premier essai, pas encore au point."
Synthèse - Eco,Je me suis aidé de l'IA pour résumer un texte.,J'ai appris beaucoup en le faisant.
Mémoire - Info,L'IA a généré un premier jet que j'ai retravaillé.,À discuter avec le professeur.
Synthèse 45,J'ai utilisé l'IA pour reformuler mes idées.,"Travail fait en retard, à améliorer."
Synthèse 10,L'IA a généré un premier jet que j'ai retravaillé.,J'ai eu du mal à comprendre certaines consignes.
Mémoire 49,J'ai demandé à l'IA des synonymes pour enrichir mon vocabulaire.,Pas totalement satisfait du rendu.
Projet - Info,J'ai demandé à l'IA des synonymes pour enrichir mon vocabulaire.,J'ai appris beaucoup en le faisant.
Exposé - Info,L'IA m'a aidé à corriger mes fautes d'orthographe.,À discuter avec le professeur.
Mémoire - Eco,L'IA m'a aidé à corriger mes fautes d'orthographe.,À discuter avec le professeur.
Dissertation 19,L'IA m'a aidé à corriger mes fautes d'orthographe.,Travail fait rapidement.
Rendu du 04 October 2022,L'IA m'a aidé à clarifier certains concepts.,Pas totalement satisfait du rendu.
Projet,Je me suis aidé de l'IA pour résumer un texte.,J'ai passé beaucoup de temps dessus.
Projet 21,L'IA a généré un premier jet que j'ai retravaillé.,Pas totalement satisfait du rendu.
Compte rendu,L'IA m'a aidé à corriger mes fautes d'orthographe.,Pas totalement satisfait du rendu.
Synthèse - Math,Je me suis aidé de l'IA pour résumer un texte.,Travail fait rapidement.
Dissertation - Info,J'ai utilisé l'IA pour reformuler mes idées.,"Premier essai, pas encore au point."
Exposé 4,J'ai utilisé l'IA pour vérifier la grammaire.,Travail fait rapidement.
Rapport de stage - Physique,L'IA m'a donné des exemples concrets.,"Travail fait en retard, à améliorer."
Synthèse - Eco,J'ai demandé à l'IA des synonymes pour enrichir mon vocabulaire.,J'ai appris beaucoup en le faisant.
Analyse - Info,L'IA m'a permis de mieux structurer mes phrases.,À revoir pour la prochaine fois.
Dissertation - Math,Je me suis aidé de l'IA pour résumer un texte.,J'ai passé beaucoup de temps dessus.
Dissertation 40,L'IA m'a permis de mieux structurer mes phrases.,J'ai appris beaucoup en le faisant.
Projet,J'ai demandé à l'IA de générer un plan.,Pas totalement satisfait du rendu.
Rendu du 09 December 2025,L'IA m'a donné des exemples concrets.,Travail fait rapidement.
Rapport de stage - Math,J'ai demandé à l'IA de générer un plan.,J'ai passé beaucoup de temps dessus.
Rapport de stage - Eco,J'ai utilisé l'IA pour reformuler mes idées.,À revoir pour la prochaine fois.
Projet 9,J'ai demandé à l'IA de générer un plan.,J'ai appris beaucoup en le faisant.
Synthèse 14,L'IA a généré un premier jet que j'ai retravaillé.,J'ai passé beaucoup de temps dessus.
Mémoire 11,J'ai demandé à l'IA des synonymes pour enrichir mon vocabulaire.,Travail fait rapidement.
Mémoire,J'ai utilisé l'IA pour reformuler mes idées.,"Premier essai, pas encore au point."
Projet 50,Je me suis aidé de l'IA pour résumer un texte.,Pas totalement satisfait du rendu.
Présentation 35,L'IA m'a aidé à clarifier certains concepts.,"Premier essai, pas encore au point."
Projet - Math,J'ai demandé à l'IA des synonymes pour enrichir mon vocabulaire.,Travail fait rapidement.
Dissertation - Eco,J'ai demandé à l'IA des synonymes pour enrichir mon vocabulaire.,À discuter avec le professeur.
Rendu du 18 December 2022,J'ai demandé à l'IA des synonymes pour enrichir mon vocabulaire.,Pas totalement satisfait du rendu.
Analyse - Math,J'ai utilisé l'IA pour vérifier la grammaire.,Pas totalement satisfait du rendu.
Synthèse - Math,J'ai utilisé l'IA pour vérifier la grammaire.,J'ai appris beaucoup en le faisant.
Rapport de stage,J'ai demandé à l'IA des synonymes pour enrichir mon vocabulaire.,J'ai appris beaucoup en le faisant.
Présentation 16,L'IA a généré un premier jet que j'ai retravaillé.,"Travail fait en retard, à améliorer."
Rendu du 13 March 2022,L'IA m'a donné des exemples concrets.,Je pense que je peux faire mieux.
Mémoire 19,J'ai utilisé l'IA pour reformuler mes idées.,Je pense que je peux faire mieux.
Exposé,Je me suis aidé de l'IA pour résumer un texte.,Je pense que je peux faire mieux.
Présentation - Info,J'ai demandé à l'IA de générer un plan.,Pas totalement satisfait du rendu.
Compte rendu - Philo,Je me suis aidé de l'IA pour résumer un texte.,J'ai appris beaucoup en le faisant.
Mémoire - Philo,Je me suis aidé de l'IA pour résumer un texte.,À discuter avec le professeur.
Projet - Physique,J'ai demandé à l'IA des synonymes pour enrichir mon vocabulaire.,À revoir pour la prochaine fois.
Mémoire,L'IA m'a aidé à corriger mes fautes d'orthographe.,Travail fait rapidement.
Mémoire 35,L'IA a généré un premier jet que j'ai retravaillé.,"Travail fait en retard, à améliorer."
Mémoire,J'ai utilisé l'IA pour reformuler mes idées.,À discuter avec le professeur.
Compte rendu 6,L'IA a généré un premier jet que j'ai retravaillé.,Pas totalement satisfait du rendu.
Projet,L'IA m'a aidé à corriger mes fautes d'orthographe.,À discuter avec le professeur.
Projet,L'IA a généré un premier jet que j'ai retravaillé.,Pas totalement satisfait du rendu.
Présentation 21,J'ai demandé à l'IA des synonymes pour enrichir mon vocabulaire.,À discuter avec le professeur.
Dissertation,J'ai utilisé l'IA pour vérifier la grammaire.,"Travail fait en retard, à améliorer."
Dissertation,Je me suis aidé de l'IA pour résumer un texte.,"Premier essai, pas encore au point."
Rapport de stage 6,L'IA m'a permis de mieux structurer mes phrases.,Pas totalement satisfait du rendu.
Rendu du 31 July 2024,J'ai utilisé l'IA pour vérifier la grammaire.,À revoir pour la prochaine fois.
Rapport de stage 31,L'IA m'a donné des exemples concrets.,Travail fait rapidement.
Rendu du 17 August 2023,J'ai demandé à l'IA des synonymes pour enrichir mon vocabulaire.,J'ai passé beaucoup de temps dessus.
Rapport de stage,L'IA a généré un premier jet que j'ai retravaillé.,À discuter avec le professeur.
Compte rendu - Info,J'ai demandé à l'IA des synonymes pour enrichir mon vocabulaire.,"Travail fait en retard, à améliorer."
Dissertation - Physique,L'IA m'a permis de mieux structurer mes phrases.,J'ai appris beaucoup en le faisant.
Projet 8,L'IA a généré un premier jet que j'ai retravaillé.,Pas totalement satisfait du rendu.
Dissertation - Philo,L'IA m'a permis de mieux structurer mes phrases.,Je pense que je peux faire mieux.
Rendu du 10 March 2022,Je me suis aidé de l'IA pour résumer un texte.,Pas totalement satisfait du rendu.
Synthèse 31,L'IA m'a permis de mieux structurer mes phrases.,"Premier essai, pas encore au point."
Analyse - Math,J'ai utilisé l'IA pour vérifier la grammaire.,À discuter avec le professeur.
Rendu du 19 March 2025,J'ai utilisé l'IA pour vérifier la grammaire.,À revoir pour la prochaine fois.
Dissertation 35,J'ai utilisé l'IA pour vérifier la grammaire.,Travail fait rapidement.
Rendu du 08 May 2024,J'ai demandé à l'IA des synonymes pour enrichir mon vocabulaire.,Pas totalement satisfait du rendu.
Analyse 11,J'ai utilisé l'IA pour vérifier la grammaire.,"Premier essai, pas encore au point."
Compte rendu 48,J'ai utilisé l'IA pour vérifier la grammaire.,À revoir pour la prochaine fois.
Rapport de stage 10,L'IA m'a aidé à corriger mes fautes d'orthographe.,Je pense que je peux faire mieux.
Synthèse 10,J'ai demandé à l'IA de générer un plan.,À revoir pour la prochaine fois.
Rendu du 08 May 2025,L'IA m'a aidé à clarifier certains concepts.,"Travail fait en retard, à améliorer."
Rendu du 23 July 2025,Je me suis aidé de l'IA pour résumer un texte.,Je pense que je peux faire mieux.
Présentation - Info,J'ai demandé à l'IA de générer un plan.,Travail fait rapidement.
Mémoire 19,J'ai utilisé l'IA pour reformuler mes idées.,J'ai eu du mal à comprendre certaines consignes.
Compte rendu 26,J'ai demandé à l'IA de générer un plan.,À discuter avec le professeur.
Rendu du 18 April 2022,Je me suis aidé de l'IA pour résumer un texte.,Je pense que je peux faire mieux.
Rapport de stage,Je me suis aidé de l'IA pour résumer un texte.,Je pense que je peux faire mieux.
Mémoire,L'IA m'a aidé à corriger mes fautes d'orthographe.,J'ai eu du mal à comprendre certaines consignes.
Projet,J'ai demandé à l'IA de générer un plan.,Je pense que je peux faire mieux.
Compte rendu,J'ai utilisé l'IA pour vérifier la grammaire.,J'ai passé beaucoup de temps dessus.
Dissertation 49,J'ai utilisé l'IA pour vérifier la grammaire.,J'ai passé beaucoup de temps dessus.
Analyse,J'ai demandé à l'IA de générer un plan.,"Travail fait en retard, à améliorer."
Projet - Info,J'ai demandé à l'IA des synonymes pour enrichir mon vocabulaire.,À revoir pour la prochaine fois.
Analyse,J'ai demandé à l'IA de générer un plan.,"Premier essai, pas encore au point."
Rendu du 24 April 2024,Je me suis aidé de l'IA pour résumer un texte.,"Premier essai, pas encore au point."
Exposé - Math,J'ai demandé à l'IA des synonymes pour enrichir mon vocabulaire.,J'ai eu du mal à comprendre certaines consignes.
Dissertation,L'IA m'a donné des exemples concrets.,Pas totalement satisfait du rendu.
Rapport de stage - Philo,L'IA m'a aidé à clarifier certains concepts.,Travail fait rapidement.
Compte rendu 28,L'IA m'a aidé à corriger mes fautes d'orthographe.,À revoir pour la prochaine fois.
Dissertation - Info,L'IA m'a donné des exemples concrets.,J'ai passé beaucoup de temps dessus.
Rendu du 26 December 2023,J'ai demandé à l'IA de générer un plan.,J'ai eu du mal à comprendre certaines consignes.
Synthèse 31,J'ai utilisé l'IA pour reformuler mes idées.,À revoir pour la prochaine fois.
Présentation 14,J'ai utilisé l'IA pour vérifier la grammaire.,"Premier essai, pas encore au point."
Rapport de stage,J'ai utilisé l'IA pour vérifier la grammaire.,Travail fait rapidement.
Synthèse,L'IA a généré un premier jet que j'ai retravaillé.,"Premier essai, pas encore au point."
Présentation,L'IA a généré un premier jet que j'ai retravaillé.,À revoir pour la prochaine fois.
Analyse 18,L'IA m'a aidé à clarifier certains concepts.,À revoir pour la prochaine fois.
Compte rendu 49,L'IA m'a permis de mieux structurer mes phrases.,À discuter avec le professeur.
Exposé - Physique,L'IA a généré un premier jet que j'ai retravaillé.,"Premier essai, pas encore au point."
Compte rendu 7,Je me suis aidé de l'IA pour résumer un texte.,J'ai appris beaucoup en le faisant.
Présentation 22,J'ai demandé à l'IA de générer un plan.,J'ai passé beaucoup de temps dessus.
Synthèse - Physique,J'ai demandé à l'IA de générer un plan.,"Travail fait en retard, à améliorer."
Mémoire,L'IA m'a aidé à corriger mes fautes d'orthographe.,À revoir pour la prochaine fois.
Analyse,L'IA m'a aidé à clarifier certains concepts.,J'ai appris beaucoup en le faisant.
Rendu du 10 October 2022,J'ai demandé à l'IA des synonymes pour enrichir mon vocabulaire.,À revoir pour la prochaine fois.
Mémoire,L'IA m'a donné des exemples concrets.,À discuter avec le professeur.
Analyse 24,Je me suis aidé de l'IA pour résumer un texte.,À discuter avec le professeur.
Présentation 20,L'IA m'a donné des exemples concrets.,"Travail fait en retard, à améliorer."
Rendu du 19 August 2023,L'IA m'a aidé à corriger mes fautes d'orthographe.,Travail fait rapidement.
Mémoire,L'IA m'a aidé à corriger mes fautes d'orthographe.,Travail fait rapidement.
Mémoire 48,L'IA m'a aidé à clarifier certains concepts.,"Premier essai, pas encore au point."
Compte rendu - Eco,J'ai demandé à l'IA de générer un plan.,Je pense que je peux faire mieux.
Rapport de stage 47,L'IA a généré un premier jet que j'ai retravaillé.,J'ai eu du mal à comprendre certaines consignes.
Dissertation,Je me suis aidé de l'IA pour résumer un texte.,À revoir pour la prochaine fois.
Présentation,Je me suis aidé de l'IA pour résumer un texte.,J'ai eu du mal à comprendre certaines consignes.
Compte rendu - Math,L'IA a généré un premier jet que j'ai retravaillé.,Je pense que je peux faire mieux.
Rapport de stage - Math,J'ai demandé à l'IA des synonymes pour enrichir mon vocabulaire.,À revoir pour la prochaine fois.
Présentation - Math,L'IA m'a aidé à clarifier certains concepts.,"Travail fait en retard, à améliorer."
Analyse 40,J'ai utilisé l'IA pour reformuler mes idées.,"Travail fait en retard, à améliorer."
Présentation - Philo,J'ai utilisé l'IA pour reformuler mes idées.,Pas totalement satisfait du rendu.
Compte rendu,L'IA a généré un premier jet que j'ai retravaillé.,"Premier essai, pas encore au point."
Rapport de stage 32,L'IA m'a donné des exemples concrets.,À discuter avec le professeur.
Synthèse - Physique,Je me suis aidé de l'IA pour résumer un texte.,J'ai appris beaucoup en le faisant.
Rendu du 30 April 2023,L'IA m'a donné des exemples concrets.,"Travail fait en retard, à améliorer."
Dissertation,J'ai utilisé l'IA pour reformuler mes idées.,Travail fait rapidement.
Analyse - Eco,J'ai utilisé l'IA pour reformuler mes idées.,"Travail fait en retard, à améliorer."
Mémoire 39,L'IA m'a aidé à corriger mes fautes d'orthographe.,Travail fait rapidement.
Rapport de stage - Math,J'ai demandé à l'IA de générer un plan.,Je pense que je peux faire mieux.
Analyse,Je me suis aidé de l'IA pour résumer un texte.,Pas totalement satisfait du rendu.
Compte rendu,J'ai utilisé l'IA pour vérifier la grammaire.,À revoir pour la prochaine fois.
Rendu du 06 August 2023,J'ai utilisé l'IA pour vérifier la grammaire.,Je pense que je peux faire mieux.
Présentation 48,Je me suis aidé de l'IA pour résumer un texte.,"Travail fait en retard, à améliorer."
Synthèse,L'IA m'a donné des exemples concrets.,À revoir pour la prochaine fois.
Exposé 38,L'IA m'a permis de mieux structurer mes phrases.,À discuter avec le professeur.
Synthèse,L'IA m'a permis de mieux structurer mes phrases.,J'ai passé beaucoup de temps dessus.
Synthèse 34,L'IA m'a aidé à clarifier certains concepts.,"Travail fait en retard, à améliorer."
Dissertation,J'ai demandé à l'IA des synonymes pour enrichir mon vocabulaire.,"Premier essai, pas encore au point."
Compte rendu,L'IA m'a permis de mieux structurer mes phrases.,J'ai appris beaucoup en le faisant.
Présentation,L'IA a généré un premier jet que j'ai retravaillé.,À discuter avec le professeur.
Dissertation,L'IA a généré un premier jet que j'ai retravaillé.,Je pense que je peux faire mieux.
Analyse 17,J'ai utilisé l'IA pour vérifier la grammaire.,Pas totalement satisfait du rendu.
Rapport de stage - Physique,J'ai demandé à l'IA des synonymes pour enrichir mon vocabulaire.,Je pense que je peux faire mieux.
Compte rendu,Je me suis aidé de l'IA pour résumer un texte.,À revoir pour la prochaine fois.
Projet 12,J'ai demandé à l'IA de générer un plan.,J'ai passé beaucoup de temps dessus.
Analyse 34,L'IA a généré un premier jet que j'ai retravaillé.,J'ai eu du mal à comprendre certaines consignes.
Projet,L'IA m'a donné des exemples concrets.,À revoir pour la prochaine fois.
Exposé,J'ai demandé à l'IA de générer un plan.,À discuter avec le professeur.
Analyse - Physique,L'IA m'a aidé à corriger mes fautes d'orthographe.,Pas totalement satisfait du rendu.
Rendu du 25 March 2025,J'ai demandé à l'IA des synonymes pour enrichir mon vocabulaire.,À revoir pour la prochaine fois.
Rapport de stage,J'ai utilisé l'IA pour vérifier la grammaire.,Travail fait rapidement.
Dissertation,J'ai demandé à l'IA de générer un plan.,À discuter avec le professeur.
Dissertation - Info,J'ai demandé à l'IA des synonymes pour enrichir mon vocabulaire.,À discuter avec le professeur.
Présentation 31,J'ai utilisé l'IA pour vérifier la grammaire.,"Premier essai, pas encore au point."
Dissertation 46,J'ai demandé à l'IA des synonymes pour enrichir mon vocabulaire.,"Premier essai, pas encore au point."
Compte rendu,L'IA a généré un premier jet que j'ai retravaillé.,À revoir pour la prochaine fois.
Exposé 47,J'ai utilisé l'IA pour vérifier la grammaire.,J'ai appris beaucoup en le faisant.
Synthèse 23,L'IA m'a permis de mieux structurer mes phrases.,J'ai eu du mal à comprendre certaines consignes.
Exposé - Philo,J'ai utilisé l'IA pour reformuler mes idées.,"Travail fait en retard, à améliorer."
Analyse - Philo,L'IA a généré un premier jet que j'ai retravaillé.,J'ai passé beaucoup de temps dessus.
Présentation - Physique,J'ai demandé à l'IA des synonymes pour enrichir mon vocabulaire.,"Premier essai, pas encore au point."
Analyse,L'IA m'a aidé à clarifier certains concepts.,Je pense que je peux faire mieux.
Rapport de stage,L'IA m'a permis de mieux structurer mes phrases.,Je pense que je peux faire mieux.
Projet - Philo,J'ai utilisé l'IA pour reformuler mes idées.,À discuter avec le professeur.
Mémoire - Philo,J'ai utilisé l'IA pour reformuler mes idées.,À revoir pour la prochaine fois.
Exposé,J'ai utilisé l'IA pour reformuler mes idées.,J'ai eu du mal à comprendre certaines consignes.
Rapport de stage,Je me suis aidé de l'IA pour résumer un texte.,"Premier essai, pas encore au point."
Analyse 35,L'IA m'a permis de mieux structurer mes phrases.,J'ai eu du mal à comprendre certaines consignes.
Rapport de stage - Info,L'IA m'a aidé à clarifier certains concepts.,À revoir pour la prochaine fois.
Rendu du 09 March 2025,J'ai demandé à l'IA des synonymes pour enrichir mon vocabulaire.,Travail fait rapidement.
Présentation,J'ai utilisé l'IA pour vérifier la grammaire.,"Travail fait en retard, à améliorer."
Synthèse 7,J'ai utilisé l'IA pour vérifier la grammaire.,Pas totalement satisfait du rendu.
Analyse,L'IA m'a donné des exemples concrets.,J'ai appris beaucoup en le faisant.
Dissertation,L'IA a généré un premier jet que j'ai retravaillé.,J'ai passé beaucoup de temps dessus.
Projet - Eco,J'ai utilisé l'IA pour vérifier la grammaire.,"Travail fait en retard, à améliorer."
Présentation,L'IA m'a donné des exemples concrets.,À revoir pour la prochaine fois.
Présentation 4,L'IA a généré un premier jet que j'ai retravaillé.,"Premier essai, pas encore au point."
Mémoire - Math,Je me suis aidé de l'IA pour résumer un texte.,À revoir pour la prochaine fois.
Mémoire,L'IA m'a aidé à corriger mes fautes d'orthographe.,À revoir pour la prochaine fois.
Rendu du 06 November 2022,J'ai utilisé l'IA pour reformuler mes idées.,À discuter avec le professeur.
Dissertation - Physique,L'IA m'a donné des exemples concrets.,J'ai eu du mal à comprendre certaines consignes.
Rendu du 16 November 2023,J'ai demandé à l'IA des synonymes pour enrichir mon vocabulaire.,J'ai eu du mal à comprendre certaines consignes.
Présentation,L'IA m'a aidé à clarifier certains concepts.,Je pense que je peux faire mieux.
Projet,L'IA m'a aidé à corriger mes fautes d'orthographe.,"Premier essai, pas encore au point."
Présentation - Physique,L'IA m'a permis de mieux structurer mes phrases.,Travail fait rapidement.
Compte rendu 50,L'IA m'a aidé à clarifier certains concepts.,À revoir pour la prochaine fois.
Dissertation - Math,Je me suis aidé de l'IA pour résumer un texte.,À revoir pour la prochaine fois.
Dissertation - Math,L'IA m'a donné des exemples concrets.,J'ai eu du mal à comprendre certaines consignes.
Présentation,J'ai demandé à l'IA des synonymes pour enrichir mon vocabulaire.,À revoir pour la prochaine fois.
Mémoire - Philo,L'IA m'a donné des exemples concrets.,J'ai eu du mal à comprendre certaines consignes.
Compte rendu,J'ai utilisé l'IA pour reformuler mes idées.,J'ai eu du mal à comprendre certaines consignes.
Analyse - Eco,Je me suis aidé de l'IA pour résumer un texte.,Je pense que je peux faire mieux.
Rendu du 10 September 2025,L'IA m'a aidé à corriger mes fautes d'orthographe.,"Premier essai, pas encore au point."
Exposé - Eco,J'ai utilisé l'IA pour vérifier la grammaire.,Travail fait rapidement.
Rendu du 21 January 2025,L'IA a généré un premier jet que j'ai retravaillé.,À revoir pour la prochaine fois.
Rapport de stage - Physique,L'IA m'a aidé à corriger mes fautes d'orthographe.,"Travail fait en retard, à améliorer."
Mémoire,J'ai utilisé l'IA pour vérifier la grammaire.,J'ai appris beaucoup en le faisant.
Présentation - Info,L'IA a généré un premier jet que j'ai retravaillé.,J'ai passé beaucoup de temps dessus.
Présentation 45,L'IA a généré un premier jet que j'ai retravaillé.,"Travail fait en retard, à améliorer."
Synthèse 12,L'IA m'a aidé à corriger mes fautes d'orthographe.,J'ai appris beaucoup en le faisant.
Exposé,L'IA m'a donné des exemples concrets.,"Travail fait en retard, à améliorer."
Présentation,L'IA m'a donné des exemples concrets.,J'ai appris beaucoup en le faisant.
Mémoire 21,Je me suis aidé de l'IA pour résumer un texte.,À revoir pour la prochaine fois.
Analyse - Eco,Je me suis aidé de l'IA pour résumer un texte.,Pas totalement satisfait du rendu.
Rendu du 06 February 2025,J'ai utilisé l'IA pour vérifier la grammaire.,À revoir pour la prochaine fois.
Projet - Math,J'ai demandé à l'IA des synonymes pour enrichir mon vocabulaire.,J'ai appris beaucoup en le faisant.
Analyse 34,L'IA m'a donné des exemples concrets.,À discuter avec le professeur.
Analyse - Eco,L'IA m'a donné des exemples concrets.,Pas totalement satisfait du rendu.
Projet,L'IA m'a aidé à corriger mes fautes d'orthographe.,Je pense que je peux faire mieux.
Rapport de stage - Philo,L'IA m'a permis de mieux structurer mes phrases.,À revoir pour la prochaine fois.
Synthèse 14,J'ai utilisé l'IA pour vérifier la grammaire.,Travail fait rapidement.
Rapport de stage 24,J'ai utilisé l'IA pour reformuler mes idées.,À discuter avec le professeur.
Dissertation 10,J'ai utilisé l'IA pour reformuler mes idées.,À discuter avec le professeur.
Exposé 9,J'ai demandé à l'IA des synonymes pour enrichir mon vocabulaire.,J'ai passé beaucoup de temps dessus.
Rapport de stage 45,J'ai utilisé l'IA pour vérifier la grammaire.,J'ai eu du mal à comprendre certaines consignes.
Mémoire,L'IA m'a donné des exemples concrets.,J'ai passé beaucoup de temps dessus.
Rendu du 02 May 2024,L'IA m'a aidé à clarifier certains concepts.,Travail fait rapidement.
Mémoire - Math,L'IA m'a donné des exemples concrets.,À discuter avec le professeur.
Synthèse 34,L'IA m'a permis de mieux structurer mes phrases.,"Travail fait en retard, à améliorer."
Rendu du 15 November 2022,L'IA m'a donné des exemples concrets.,À revoir pour la prochaine fois.
Compte rendu 40,L'IA m'a aidé à clarifier certains concepts.,À revoir pour la prochaine fois.
Synthèse,L'IA m'a donné des exemples concrets.,Travail fait rapidement.
Rendu du 18 August 2024,Je me suis aidé de l'IA pour résumer un texte.,À revoir pour la prochaine fois.
Compte rendu 9,L'IA a généré un premier jet que j'ai retravaillé.,À discuter avec le professeur.
Exposé 39,J'ai demandé à l'IA de générer un plan.,J'ai appris beaucoup en le faisant.
Dissertation - Eco,J'ai demandé à l'IA des synonymes pour enrichir mon vocabulaire.,Travail fait rapidement.
Dissertation - Info,L'IA a généré un premier jet que j'ai retravaillé.,Pas totalement satisfait du rendu.
Dissertation,J'ai demandé à l'IA des synonymes pour enrichir mon vocabulaire.,À discuter avec le professeur.
Synthèse 11,L'IA m'a permis de mieux structurer mes phrases.,À discuter avec le professeur.
Synthèse,L'IA m'a aidé à corriger mes fautes d'orthographe.,À discuter avec le professeur.
Dissertation 7,L'IA m'a donné des exemples concrets.,Je pense que je peux faire mieux.
Analyse 37,L'IA m'a permis de mieux structurer mes phrases.,Travail fait rapidement.
Synthèse,L'IA m'a aidé à corriger mes fautes d'orthographe.,J'ai eu du mal à comprendre certaines consignes.
Compte rendu,L'IA m'a aidé à corriger mes fautes d'orthographe.,Travail fait rapidement.
Présentation - Eco,J'ai demandé à l'IA des synonymes pour enrichir mon vocabulaire.,"Premier essai, pas encore au point."
Synthèse,J'ai demandé à l'IA des synonymes pour enrichir mon vocabulaire.,Je pense que je peux faire mieux.
Projet 48,Je me suis aidé de l'IA pour résumer un texte.,"Travail fait en retard, à améliorer."
Mémoire 27,J'ai utilisé l'IA pour reformuler mes idées.,J'ai passé beaucoup de temps dessus.
Mémoire 14,L'IA m'a permis de mieux structurer mes phrases.,J'ai passé beaucoup de temps dessus.
Présentation,L'IA m'a donné des exemples concrets.,Pas totalement satisfait du rendu.
Exposé,L'IA m'a aidé à corriger mes fautes d'orthographe.,À revoir pour la prochaine fois.
Rapport de stage,L'IA m'a aidé à clarifier certains concepts.,Je pense que je peux faire mieux.
Dissertation - Physique,J'ai utilisé l'IA pour reformuler mes idées.,Je pense que je peux faire mieux.
Projet 37,J'ai utilisé l'IA pour vérifier la grammaire.,Travail fait rapidement.
Dissertation,Je me suis aidé de l'IA pour résumer un texte.,Pas totalement satisfait du rendu.
Mémoire,L'IA m'a donné des exemples concrets.,Je pense que je peux faire mieux.
Projet 36,J'ai demandé à l'IA de générer un plan.,"Premier essai, pas encore au point."
Mémoire 5,L'IA m'a permis de mieux structurer mes phrases.,"Travail fait en retard, à améliorer."
Synthèse,J'ai demandé à l'IA des synonymes pour enrichir mon vocabulaire.,Pas totalement satisfait du rendu.
Synthèse,J'ai demandé à l'IA des synonymes pour enrichir mon vocabulaire.,"Premier essai, pas encore au point."
Synthèse,J'ai demandé à l'IA des synonymes pour enrichir mon vocabulaire.,À revoir pour la prochaine fois.
Analyse,L'IA a généré un premier jet que j'ai retravaillé.,"Premier essai, pas encore au point."
Dissertation - Eco,J'ai demandé à l'IA des synonymes pour enrichir mon vocabulaire.,J'ai eu du mal à comprendre certaines consignes.
Rendu du 12 April 2022,Je me suis aidé de l'IA pour résumer un texte.,Je pense que je peux faire mieux.
Synthèse 40,J'ai utilisé l'IA pour vérifier la grammaire.,Je pense que je peux faire mieux.
Exposé,J'ai demandé à l'IA des synonymes pour enrichir mon vocabulaire.,À discuter avec le professeur.
Dissertation 38,L'IA m'a aidé à clarifier certains concepts.,"Travail fait en retard, à améliorer."
Présentation 46,L'IA m'a permis de mieux structurer mes phrases.,À discuter avec le professeur.
Mémoire - Math,L'IA m'a donné des exemples concrets.,À revoir pour la prochaine fois.
Présentation - Info,L'IA a généré un premier jet que j'ai retravaillé.,Travail fait rapidement.
Projet 37,J'ai demandé à l'IA de générer un plan.,Pas totalement satisfait du rendu.
Mémoire - Philo,Je me suis aidé de l'IA pour résumer un texte.,Je pense que je peux faire mieux.
Compte rendu,Je me suis aidé de l'IA pour résumer un texte.,"Travail fait en retard, à améliorer."
Dissertation,J'ai utilisé l'IA pour vérifier la grammaire.,J'ai eu du mal à comprendre certaines consignes.
Exposé - Physique,L'IA m'a aidé à clarifier certains concepts.,À discuter avec le professeur.
Compte rendu 37,J'ai demandé à l'IA de générer un plan.,À revoir pour la prochaine fois.
Rendu du 13 October 2022,J'ai demandé à l'IA de générer un plan.,"Travail fait en retard, à améliorer."
Mémoire 15,J'ai utilisé l'IA pour reformuler mes idées.,J'ai appris beaucoup en le faisant.
Mémoire - Philo,L'IA m'a aidé à corriger mes fautes d'orthographe.,"Premier essai, pas encore au point."
Exposé,L'IA m'a donné des exemples concrets.,Travail fait rapidement.
Synthèse - Info,L'IA m'a permis de mieux structurer mes phrases.,"Travail fait en retard, à améliorer."
Rapport de stage 16,L'IA m'a donné des exemples concrets.,Pas totalement satisfait du rendu.
Rendu du 13 October 2023,L'IA m'a donné des exemples concrets.,Je pense que je peux faire mieux.
Présentation 19,J'ai demandé à l'IA des synonymes pour enrichir mon vocabulaire.,Je pense que je peux faire mieux.
Dissertation - Philo,L'IA m'a donné des exemples concrets.,À revoir pour la prochaine fois.
Projet,L'IA m'a aidé à corriger mes fautes d'orthographe.,À discuter avec le professeur.
Analyse 38,L'IA m'a aidé à clarifier certains concepts.,À discuter avec le professeur.
Présentation,L'IA m'a aidé à corriger mes fautes d'orthographe.,Je pense que je peux faire mieux.
Rapport de stage - Math,L'IA m'a aidé à corriger mes fautes d'orthographe.,J'ai appris beaucoup en le faisant.
Exposé,Je me suis aidé de l'IA pour résumer un texte.,Travail fait rapidement.
Exposé,L'IA a généré un premier jet que j'ai retravaillé.,J'ai appris beaucoup en le faisant.
Dissertation,J'ai demandé à l'IA de générer un plan.,Travail fait rapidement.
Projet 23,Je me suis aidé de l'IA pour résumer un texte.,"Travail fait en retard, à améliorer."
Projet,J'ai demandé à l'IA de générer un plan.,J'ai passé beaucoup de temps dessus.
Analyse 39,L'IA a généré un premier jet que j'ai retravaillé.,"Travail fait en retard, à améliorer."
Dissertation - Physique,L'IA a généré un premier jet que j'ai retravaillé.,"Premier essai, pas encore au point."
Synthèse,J'ai utilisé l'IA pour vérifier la grammaire.,"Premier essai, pas encore au point."
Compte rendu 22,J'ai utilisé l'IA pour reformuler mes idées.,Pas totalement satisfait du rendu.
Présentation 26,J'ai utilisé l'IA pour reformuler mes idées.,Travail fait rapidement.
Dissertation 4,J'ai utilisé l'IA pour reformuler mes idées.,Travail fait rapidement.
Présentation - Philo,L'IA m'a aidé à clarifier certains concepts.,J'ai eu du mal à comprendre certaines consignes.
Rendu du 04 May 2024,J'ai demandé à l'IA de générer un plan.,À revoir pour la prochaine fois.
Analyse,J'ai utilisé l'IA pour reformuler mes idées.,À discuter avec le professeur.
Présentation,L'IA m'a donné des exemples concrets.,Travail fait rapidement.
Analyse - Physique,L'IA a généré un premier jet que j'ai retravaillé.,À revoir pour la prochaine fois.
Compte rendu,J'ai utilisé l'IA pour reformuler mes idées.,"Premier essai, pas encore au point."
Exposé - Eco,J'ai utilisé l'IA pour reformuler mes idées.,J'ai passé beaucoup de temps dessus.
Rendu du 19 February 2024,J'ai demandé à l'IA des synonymes pour enrichir mon vocabulaire.,Je pense que je peux faire mieux.
Analyse,J'ai demandé à l'IA des synonymes pour enrichir mon vocabulaire.,J'ai eu du mal à comprendre certaines consignes.
Mémoire - Physique,L'IA m'a permis de mieux structurer mes phrases.,J'ai passé beaucoup de temps dessus.
Compte rendu,L'IA m'a permis de mieux structurer mes phrases.,Je pense que je peux faire mieux.
Dissertation,J'ai demandé à l'IA de générer un plan.,J'ai appris beaucoup en le faisant.
Présentation - Eco,L'IA m'a permis de mieux structurer mes phrases.,J'ai eu du mal à comprendre certaines consignes.
Dissertation,J'ai utilisé l'IA pour vérifier la grammaire.,Je pense que je peux faire mieux.
Analyse 32,L'IA m'a permis de mieux structurer mes phrases.,Pas totalement satisfait du rendu.
Présentation 26,J'ai utilisé l'IA pour vérifier la grammaire.,À discuter avec le professeur.
Rendu du 16 December 2023,J'ai demandé à l'IA de générer un plan.,"Travail fait en retard, à améliorer."
Synthèse - Eco,Je me suis aidé de l'IA pour résumer un texte.,"Travail fait en retard, à améliorer."
Analyse 15,J'ai demandé à l'IA des synonymes pour enrichir mon vocabulaire.,Pas totalement satisfait du rendu.
Synthèse - Math,L'IA m'a aidé à corriger mes fautes d'orthographe.,Pas totalement satisfait du rendu.
Analyse,L'IA m'a donné des exemples concrets.,Pas totalement satisfait du rendu.
Présentation - Physique,Je me suis aidé de l'IA pour résumer un texte.,"Premier essai, pas encore au point."
Rendu du 01 September 2023,L'IA m'a aidé à corriger mes fautes d'orthographe.,J'ai eu du mal à comprendre certaines consignes.
Analyse - Physique,J'ai demandé à l'IA de générer un plan.,Travail fait rapidement.
Dissertation 47,L'IA m'a permis de mieux structurer mes phrases.,Travail fait rapidement.
Rendu du 17 July 2023,L'IA m'a donné des exemples concrets.,Pas totalement satisfait du rendu.
Analyse,J'ai demandé à l'IA des synonymes pour enrichir mon vocabulaire.,J'ai appris beaucoup en le faisant.
Rendu du 09 October 2023,J'ai utilisé l'IA pour vérifier la grammaire.,Travail fait rapidement.
Mémoire - Physique,J'ai demandé à l'IA des synonymes pour enrichir mon vocabulaire.,"Travail fait en retard, à améliorer."
Compte rendu 33,L'IA m'a aidé à corriger mes fautes d'orthographe.,J'ai eu du mal à comprendre certaines consignes.
Exposé - Math,J'ai utilisé l'IA pour reformuler mes idées.,"Premier essai, pas encore au point."
Rendu du 18 June 2025,L'IA m'a permis de mieux structurer mes phrases.,Travail fait rapidement.
Présentation 49,Je me suis aidé de l'IA pour résumer un texte.,Pas totalement satisfait du rendu.
Dissertation 44,J'ai utilisé l'IA pour vérifier la grammaire.,Travail fait rapidement.
Mémoire - Philo,L'IA m'a permis de mieux structurer mes phrases.,À revoir pour la prochaine fois.
Synthèse 12,L'IA m'a permis de mieux structurer mes phrases.,Pas totalement satisfait du rendu.
Analyse - Philo,L'IA m'a aidé à clarifier certains concepts.,J'ai eu du mal à comprendre certaines consignes.
Analyse 19,J'ai demandé à l'IA des synonymes pour enrichir mon vocabulaire.,À discuter avec le professeur.
Compte rendu,Je me suis aidé de l'IA pour résumer un texte.,J'ai appris beaucoup en le faisant.
Rendu du 11 June 2022,J'ai utilisé l'IA pour reformuler mes idées.,Travail fait rapidement.
Compte rendu,J'ai demandé à l'IA de générer un plan.,J'ai passé beaucoup de temps dessus.
Présentation,J'ai utilisé l'IA pour vérifier la grammaire.,"Premier essai, pas encore au point."
Rapport de stage,J'ai demandé à l'IA des synonymes pour enrichir mon vocabulaire.,Je pense que je peux faire mieux.
Dissertation - Physique,Je me suis aidé de l'IA pour résumer un texte.,J'ai passé beaucoup de temps dessus.
Rapport de stage,J'ai utilisé l'IA pour reformuler mes idées.,À revoir pour la prochaine fois.
Mémoire 25,J'ai utilisé l'IA pour vérifier la grammaire.,Je pense que je peux faire mieux.
Dissertation - Math,L'IA m'a permis de mieux structurer mes phrases.,Je pense que je peux faire mieux.
Rapport de stage,L'IA m'a permis de mieux structurer mes phrases.,À discuter avec le professeur.
Compte rendu,L'IA m'a donné des exemples concrets.,J'ai appris beaucoup en le faisant.
Compte rendu 25,L'IA a généré un premier jet que j'ai retravaillé.,À discuter avec le professeur.
Projet - Physique,L'IA m'a aidé à corriger mes fautes d'orthographe.,J'ai appris beaucoup en le faisant.
Synthèse 43,J'ai demandé à l'IA des synonymes pour enrichir mon vocabulaire.,À discuter avec le professeur.
Analyse 34,J'ai demandé à l'IA des synonymes pour enrichir mon vocabulaire.,J'ai appris beaucoup en le faisant.
Rapport de stage - Eco,J'ai utilisé l'IA pour vérifier la grammaire.,J'ai passé beaucoup de temps dessus.
Compte rendu - Eco,L'IA m'a permis de mieux structurer mes phrases.,J'ai eu du mal à comprendre certaines consignes.
Projet - Info,Je me suis aidé de l'IA pour résumer un texte.,J'ai passé beaucoup de temps dessus.
Présentation - Info,J'ai utilisé l'IA pour vérifier la grammaire.,"Travail fait en retard, à améliorer."
Compte rendu,J'ai demandé à l'IA des synonymes pour enrichir mon vocabulaire.,J'ai appris beaucoup en le faisant.
Rapport de stage 24,L'IA m'a aidé à clarifier certains concepts.,J'ai passé beaucoup de temps dessus.
Synthèse,L'IA m'a aidé à clarifier certains concepts.,Travail fait rapidement.
Exposé - Math,J'ai demandé à l'IA des synonymes pour enrichir mon vocabulaire.,Travail fait rapidement.
Rendu du 29 November 2023,J'ai demandé à l'IA de générer un plan.,J'ai passé beaucoup de temps dessus.
Synthèse 32,J'ai utilisé l'IA pour reformuler mes idées.,À revoir pour la prochaine fois.
Rapport de stage 29,L'IA m'a permis de mieux structurer mes phrases.,Travail fait rapidement.
Présentation 40,L'IA m'a aidé à corriger mes fautes d'orthographe.,Je pense que je peux faire mieux.
Rendu du 06 January 2025,J'ai utilisé l'IA pour reformuler mes idées.,Pas totalement satisfait du rendu.
Compte rendu - Physique,L'IA a généré un premier jet que j'ai retravaillé.,À discuter avec le professeur.
Projet 15,J'ai demandé à l'IA des synonymes pour enrichir mon vocabulaire.,J'ai eu du mal à comprendre certaines consignes.
Projet,J'ai utilisé l'IA pour vérifier la grammaire.,Je pense que je peux faire mieux.
Exposé,Je me suis aidé de l'IA pour résumer un texte.,J'ai appris beaucoup en le faisant.
Présentation - Info,J'ai demandé à l'IA de générer un plan.,"Premier essai, pas encore au point."
Analyse - Info,Je me suis aidé de l'IA pour résumer un texte.,"Premier essai, pas encore au point."
Présentation,J'ai demandé à l'IA des synonymes pour enrichir mon vocabulaire.,Travail fait rapidement.
Rapport de stage,J'ai utilisé l'IA pour reformuler mes idées.,À discuter avec le professeur.
Rendu du 21 October 2024,L'IA m'a aidé à clarifier certains concepts.,Travail fait rapidement.
Compte rendu,J'ai utilisé l'IA pour vérifier la grammaire.,À revoir pour la prochaine fois.
Exposé,L'IA m'a aidé à corriger mes fautes d'orthographe.,Pas totalement satisfait du rendu.
Analyse - Philo,J'ai utilisé l'IA pour vérifier la grammaire.,Travail fait rapidement.
Exposé 46,J'ai demandé à l'IA des synonymes pour enrichir mon vocabulaire.,J'ai eu du mal à comprendre certaines consignes.
Rapport de stage 36,J'ai utilisé l'IA pour reformuler mes idées.,Pas totalement satisfait du rendu.
Synthèse - Philo,L'IA m'a aidé à corriger mes fautes d'orthographe.,"Premier essai, pas encore au point."
Analyse 21,L'IA m'a aidé à clarifier certains concepts.,"Premier essai, pas encore au point."
Analyse - Physique,Je me suis aidé de l'IA pour résumer un texte.,"Travail fait en retard, à améliorer."
Compte rendu,L'IA a généré un premier jet que j'ai retravaillé.,"Travail fait en retard, à améliorer."
Exposé 41,J'ai demandé à l'IA des synonymes pour enrichir mon vocabulaire.,"Premier essai, pas encore au point."
Présentation,L'IA m'a permis de mieux structurer mes phrases.,J'ai passé beaucoup de temps dessus.
Rapport de stage 15,J'ai demandé à l'IA des synonymes pour enrichir mon vocabulaire.,J'ai appris beaucoup en le faisant.
Rendu du 07 July 2023,L'IA m'a aidé à clarifier certains concepts.,À revoir pour la prochaine fois.
Synthèse,J'ai utilisé l'IA pour reformuler mes idées.,J'ai eu du mal à comprendre certaines consignes.
Mémoire - Info,L'IA m'a donné des exemples concrets.,Je pense que je peux faire mieux.
Dissertation,L'IA a généré un premier jet que j'ai retravaillé.,J'ai eu du mal à comprendre certaines consignes.
Exposé - Info,J'ai utilisé l'IA pour vérifier la grammaire.,"Premier essai, pas encore au point."
Compte rendu,J'ai utilisé l'IA pour vérifier la grammaire.,J'ai eu du mal à comprendre certaines consignes.
Rapport de stage - Philo,L'IA m'a donné des exemples concrets.,Pas totalement satisfait du rendu.
Synthèse,J'ai utilisé l'IA pour reformuler mes idées.,Je pense que je peux faire mieux.
Exposé,Je me suis aidé de l'IA pour résumer un texte.,À discuter avec le professeur.
Dissertation 3,L'IA m'a donné des exemples concrets.,Travail fait rapidement.
Analyse 25,J'ai demandé à l'IA de générer un plan.,Je pense que je peux faire mieux.
Analyse,L'IA m'a permis de mieux structurer mes phrases.,J'ai eu du mal à comprendre certaines consignes.
Rapport de stage,J'ai utilisé l'IA pour vérifier la grammaire.,"Premier essai, pas encore au point."
Rapport de stage,L'IA a généré un premier jet que j'ai retravaillé.,"Premier essai, pas encore au point."
Analyse 20,L'IA a généré un premier jet que j'ai retravaillé.,Pas totalement satisfait du rendu.
Dissertation 9,J'ai utilisé l'IA pour reformuler mes idées.,À discuter avec le professeur.
Analyse,L'IA m'a permis de mieux structurer mes phrases.,J'ai passé beaucoup de temps dessus.
Rapport de stage,J'ai utilisé l'IA pour reformuler mes idées.,"Travail fait en retard, à améliorer."
Mémoire 4,J'ai demandé à l'IA des synonymes pour enrichir mon vocabulaire.,J'ai passé beaucoup de temps dessus.
Exposé,L'IA m'a aidé à clarifier certains concepts.,J'ai appris beaucoup en le faisant.
Compte rendu,L'IA a généré un premier jet que j'ai retravaillé.,Je pense que je peux faire mieux.
Rendu du 22 May 2025,L'IA a généré un premier jet que j'ai retravaillé.,J'ai passé beaucoup de temps dessus.
Compte rendu - Physique,L'IA a généré un premier jet que j'ai retravaillé.,À revoir pour la prochaine fois.
Projet,L'IA m'a donné des exemples concrets.,"Travail fait en retard, à améliorer."
Projet - Philo,L'IA m'a permis de mieux structurer mes phrases.,"Travail fait en retard, à améliorer."
Mémoire 43,L'IA m'a permis de mieux structurer mes phrases.,Travail fait rapidement.
Dissertation 39,Je me suis aidé de l'IA pour résumer un texte.,"Travail fait en retard, à améliorer."
Synthèse 23,J'ai demandé à l'IA des synonymes pour enrichir mon vocabulaire.,"Travail fait en retard, à améliorer."
Rapport de stage,J'ai demandé à l'IA des synonymes pour enrichir mon vocabulaire.,J'ai passé beaucoup de temps dessus.
Analyse - Info,J'ai demandé à l'IA des synonymes pour enrichir mon vocabulaire.,"Premier essai, pas encore au point."
Synthèse 3,L'IA m'a permis de mieux structurer mes phrases.,"Travail fait en retard, à améliorer."
Mémoire - Math,Je me suis aidé de l'IA pour résumer un texte.,"Travail fait en retard, à améliorer."
Mémoire,Je me suis aidé de l'IA pour résumer un texte.,"Premier essai, pas encore au point."
Projet 50,J'ai demandé à l'IA des synonymes pour enrichir mon vocabulaire.,À discuter avec le professeur.
Rapport de stage - Eco,L'IA m'a aidé à clarifier certains concepts.,Travail fait rapidement.
Rapport de stage 49,J'ai demandé à l'IA des synonymes pour enrichir mon vocabulaire.,J'ai passé beaucoup de temps dessus.
Projet 6,L'IA m'a aidé à corriger mes fautes d'orthographe.,Pas totalement satisfait du rendu.
Mémoire 24,J'ai utilisé l'IA pour vérifier la grammaire.,Travail fait rapidement.
Projet - Math,L'IA m'a aidé à corriger mes fautes d'orthographe.,"Premier essai, pas encore au point."
Exposé,J'ai demandé à l'IA des synonymes pour enrichir mon vocabulaire.,J'ai passé beaucoup de temps dessus.
Synthèse 11,L'IA m'a donné des exemples concrets.,J'ai passé beaucoup de temps dessus.
Synthèse 33,L'IA m'a permis de mieux structurer mes phrases.,À revoir pour la prochaine fois.
Présentation - Philo,J'ai utilisé l'IA pour vérifier la grammaire.,À discuter avec le professeur.
Compte rendu,J'ai utilisé l'IA pour vérifier la grammaire.,À revoir pour la prochaine fois.
Rendu du 02 April 2023,L'IA m'a aidé à corriger mes fautes d'orthographe.,J'ai passé beaucoup de temps dessus.
Mémoire,L'IA m'a permis de mieux structurer mes phrases.,"Premier essai, pas encore au point."
Exposé,J'ai demandé à l'IA des synonymes pour enrichir mon vocabulaire.,Je pense que je peux faire mieux.
Dissertation 50,L'IA m'a donné des exemples concrets.,"Premier essai, pas encore au point."
Analyse,L'IA a généré un premier jet que j'ai retravaillé.,À revoir pour la prochaine fois.
Dissertation - Philo,L'IA m'a aidé à clarifier certains concepts.,À discuter avec le professeur.
Mémoire 47,L'IA m'a aidé à corriger mes fautes d'orthographe.,Pas totalement satisfait du rendu.
Projet - Philo,L'IA m'a aidé à clarifier certains concepts.,Je pense que je peux faire mieux.
Analyse 28,L'IA m'a permis de mieux structurer mes phrases.,Travail fait rapidement.
Analyse 20,L'IA m'a donné des exemples concrets.,J'ai passé beaucoup de temps dessus.
Rendu du 16 May 2022,L'IA m'a permis de mieux structurer mes phrases.,J'ai passé beaucoup de temps dessus.
Dissertation - Philo,L'IA m'a donné des exemples concrets.,J'ai appris beaucoup en le faisant.
Présentation,Je me suis aidé de l'IA pour résumer un texte.,Pas totalement satisfait du rendu.
Mémoire - Physique,J'ai utilisé l'IA pour reformuler mes idées.,"Premier essai, pas encore au point."
Rapport de stage - Math,J'ai utilisé l'IA pour vérifier la grammaire.,J'ai appris beaucoup en le faisant.
Compte rendu,J'ai demandé à l'IA des synonymes pour enrichir mon vocabulaire.,J'ai passé beaucoup de temps dessus.
Analyse 20,L'IA a généré un premier jet que j'ai retravaillé.,À discuter avec le professeur.
Rapport de stage,L'IA a généré un premier jet que j'ai retravaillé.,À discuter avec le professeur.
Compte rendu - Physique,L'IA m'a permis de mieux structurer mes phrases.,Pas totalement satisfait du rendu.
Compte rendu 45,J'ai utilisé l'IA pour vérifier la grammaire.,Pas totalement satisfait du rendu.
Dissertation - Philo,J'ai utilisé l'IA pour vérifier la grammaire.,J'ai passé beaucoup de temps dessus.
Présentation - Info,J'ai utilisé l'IA pour vérifier la grammaire.,"Travail fait en retard, à améliorer."
Mémoire,J'ai utilisé l'IA pour vérifier la grammaire.,Je pense que je peux faire mieux.
Rendu du 17 June 2022,J'ai demandé à l'IA de générer un plan.,J'ai passé beaucoup de temps dessus.
Analyse,L'IA m'a aidé à corriger mes fautes d'orthographe.,J'ai passé beaucoup de temps dessus.
Projet - Eco,L'IA m'a aidé à clarifier certains concepts.,Je pense que je peux faire mieux.
Projet,L'IA a généré un premier jet que j'ai retravaillé.,À discuter avec le professeur.
Rendu du 25 September 2024,L'IA m'a aidé à corriger mes fautes d'orthographe.,À discuter avec le professeur.
Rendu du 27 April 2023,L'IA a généré un premier jet que j'ai retravaillé.,"Travail fait en retard, à améliorer."
Synthèse 36,Je me suis aidé de l'IA pour résumer un texte.,À discuter avec le professeur.
Synthèse 17,L'IA m'a aidé à clarifier certains concepts.,À discuter avec le professeur.
Mémoire 25,Je me suis aidé de l'IA pour résumer un texte.,"Travail fait en retard, à améliorer."
Analyse - Philo,Je me suis aidé de l'IA pour résumer un texte.,"Travail fait en retard, à améliorer."
Projet 8,J'ai demandé à l'IA des synonymes pour enrichir mon vocabulaire.,J'ai eu du mal à comprendre certaines consignes.
Exposé - Eco,J'ai utilisé l'IA pour vérifier la grammaire.,À revoir pour la prochaine fois.
Analyse,L'IA a généré un premier jet que j'ai retravaillé.,"Premier essai, pas encore au point."
Rapport de stage - Physique,J'ai utilisé l'IA pour vérifier la grammaire.,Pas totalement satisfait du rendu.
Présentation,L'IA m'a permis de mieux structurer mes phrases.,À discuter avec le professeur.
Compte rendu - Philo,L'IA m'a permis de mieux structurer mes phrases.,Travail fait rapidement.
Présentation,J'ai demandé à l'IA des synonymes pour enrichir mon vocabulaire.,Pas totalement satisfait du rendu.
Mémoire,L'IA m'a permis de mieux structurer mes phrases.,"Travail fait en retard, à améliorer."
Présentation,J'ai demandé à l'IA de générer un plan.,J'ai appris beaucoup en le faisant.
Projet,J'ai utilisé l'IA pour vérifier la grammaire.,J'ai eu du mal à comprendre certaines consignes.
Exposé,Je me suis aidé de l'IA pour résumer un texte.,J'ai passé beaucoup de temps dessus.
Compte rendu - Eco,Je me suis aidé de l'IA pour résumer un texte.,À revoir pour la prochaine fois.
Rapport de stage,L'IA a généré un premier jet que j'ai retravaillé.,J'ai appris beaucoup en le faisant.
Synthèse 36,L'IA m'a aidé à clarifier certains concepts.,Pas totalement satisfait du rendu.
Rapport de stage - Physique,L'IA m'a donné des exemples concrets.,"Premier essai, pas encore au point."
Mémoire - Eco,L'IA m'a aidé à clarifier certains concepts.,Je pense que je peux faire mieux.
Projet,J'ai demandé à l'IA des synonymes pour enrichir mon vocabulaire.,Je pense que je peux faire mieux.
Dissertation - Eco,J'ai demandé à l'IA de générer un plan.,À discuter avec le professeur.
Compte rendu,L'IA m'a donné des exemples concrets.,À discuter avec le professeur.
Dissertation 15,L'IA m'a aidé à corriger mes fautes d'orthographe.,J'ai eu du mal à comprendre certaines consignes.
Rendu du 01 November 2023,J'ai demandé à l'IA de générer un plan.,À discuter avec le professeur.
Dissertation - Eco,L'IA m'a aidé à clarifier certains concepts.,Je pense que je peux faire mieux.
Analyse 44,Je me suis aidé de l'IA pour résumer un texte.,J'ai appris beaucoup en le faisant.
Synthèse,L'IA m'a aidé à clarifier certains concepts.,J'ai passé beaucoup de temps dessus.
Exposé - Physique,J'ai utilisé l'IA pour vérifier la grammaire.,J'ai appris beaucoup en le faisant.
Présentation - Math,J'ai utilisé l'IA pour reformuler mes idées.,J'ai passé beaucoup de temps dessus.
Analyse 19,L'IA m'a aidé à clarifier certains concepts.,J'ai passé beaucoup de temps dessus.
Analyse 49,J'ai utilisé l'IA pour reformuler mes idées.,Je pense que je peux faire mieux.
Dissertation,L'IA m'a aidé à corriger mes fautes d'orthographe.,Travail fait rapidement.
Rendu du 04 April 2025,L'IA m'a donné des exemples concrets.,J'ai eu du mal à comprendre certaines consignes.
Rapport de stage - Philo,J'ai utilisé l'IA pour vérifier la grammaire.,J'ai eu du mal à comprendre certaines consignes.
Présentation,L'IA m'a donné des exemples concrets.,J'ai eu du mal à comprendre certaines consignes.
Exposé 2,J'ai utilisé l'IA pour reformuler mes idées.,J'ai passé beaucoup de temps dessus.
Synthèse,J'ai utilisé l'IA pour vérifier la grammaire.,Travail fait rapidement.
Synthèse 31,L'IA m'a permis de mieux structurer mes phrases.,J'ai eu du mal à comprendre certaines consignes.
Analyse 20,L'IA m'a permis de mieux structurer mes phrases.,À discuter avec le professeur.
Rendu du 07 September 2024,L'IA m'a aidé à corriger mes fautes d'orthographe.,Je pense que je peux faire mieux.
Compte rendu,J'ai utilisé l'IA pour reformuler mes idées.,J'ai passé beaucoup de temps dessus.
Rendu du 12 September 2024,J'ai demandé à l'IA de générer un plan.,À revoir pour la prochaine fois.
Projet,L'IA m'a aidé à clarifier certains concepts.,À revoir pour la prochaine fois.
Dissertation - Philo,Je me suis aidé de l'IA pour résumer un texte.,Travail fait rapidement.
Synthèse,L'IA m'a aidé à corriger mes fautes d'orthographe.,J'ai eu du mal à comprendre certaines consignes.
Synthèse - Info,L'IA m'a aidé à corriger mes fautes d'orthographe.,Pas totalement satisfait du rendu.
Présentation,J'ai demandé à l'IA de générer un plan.,À revoir pour la prochaine fois.
Dissertation 27,L'IA m'a donné des exemples concrets.,"Premier essai, pas encore au point."
Présentation,J'ai demandé à l'IA des synonymes pour enrichir mon vocabulaire.,Je pense que je peux faire mieux.
Présentation,J'ai utilisé l'IA pour reformuler mes idées.,Travail fait rapidement.
Rendu du 01 June 2025,L'IA m'a aidé à clarifier certains concepts.,Je pense que je peux faire mieux.
Rapport de stage,J'ai utilisé l'IA pour vérifier la grammaire.,Je pense que je peux faire mieux.
Mémoire 30,L'IA a généré un premier jet que j'ai retravaillé.,"Travail fait en retard, à améliorer."
Analyse - Eco,J'ai utilisé l'IA pour reformuler mes idées.,J'ai eu du mal à comprendre certaines consignes.
Rapport de stage - Eco,J'ai utilisé l'IA pour vérifier la grammaire.,À revoir pour la prochaine fois.
Compte rendu 10,J'ai demandé à l'IA des synonymes pour enrichir mon vocabulaire.,J'ai appris beaucoup en le faisant.
Dissertation,J'ai demandé à l'IA des synonymes pour enrichir mon vocabulaire.,Je pense que je peux faire mieux.
Exposé,J'ai utilisé l'IA pour reformuler mes idées.,J'ai appris beaucoup en le faisant.
Mémoire,Je me suis aidé de l'IA pour résumer un texte.,"Premier essai, pas encore au point."
Rendu du 02 December 2023,J'ai utilisé l'IA pour vérifier la grammaire.,À discuter avec le professeur.
Mémoire,J'ai demandé à l'IA de générer un plan.,Pas totalement satisfait du rendu.
Synthèse,L'IA m'a aidé à clarifier certains concepts.,À revoir pour la prochaine fois.
Rendu du 22 May 2023,L'IA a généré un premier jet que j'ai retravaillé.,"Premier essai, pas encore au point."
Compte rendu,J'ai demandé à l'IA des synonymes pour enrichir mon vocabulaire.,À revoir pour la prochaine fois.
Mémoire,Je me suis aidé de l'IA pour résumer un texte.,"Travail fait en retard, à améliorer."
Rendu du 19 December 2022,J'ai demandé à l'IA de générer un plan.,Pas totalement satisfait du rendu.
Projet,L'IA m'a aidé à clarifier certains concepts.,J'ai appris beaucoup en le faisant.
Analyse,L'IA m'a aidé à corriger mes fautes d'orthographe.,J'ai eu du mal à comprendre certaines consignes.
Projet 20,J'ai utilisé l'IA pour vérifier la grammaire.,J'ai passé beaucoup de temps dessus.
Rapport de stage - Math,J'ai utilisé l'IA pour reformuler mes idées.,Pas totalement satisfait du rendu.
Dissertation,J'ai utilisé l'IA pour vérifier la grammaire.,"Premier essai, pas encore au point."
Compte rendu,J'ai demandé à l'IA des synonymes pour enrichir mon vocabulaire.,"Travail fait en retard, à améliorer."
Synthèse - Philo,J'ai demandé à l'IA de générer un plan.,Travail fait rapidement.
Projet - Physique,L'IA m'a donné des exemples concrets.,À discuter avec le professeur.
Dissertation 10,J'ai utilisé l'IA pour reformuler mes idées.,"Premier essai, pas encore au point."
Synthèse,J'ai utilisé l'IA pour vérifier la grammaire.,J'ai eu du mal à comprendre certaines consignes.
Rendu du 18 February 2023,L'IA m'a aidé à clarifier certains concepts.,Travail fait rapidement.
Compte rendu,L'IA m'a aidé à clarifier certains concepts.,J'ai passé beaucoup de temps dessus.
Rapport de stage 48,J'ai demandé à l'IA de générer un plan.,Je pense que je peux faire mieux.
Analyse - Physique,J'ai demandé à l'IA des synonymes pour enrichir mon vocabulaire.,"Premier essai, pas encore au point."
Mémoire - Eco,J'ai utilisé l'IA pour vérifier la grammaire.,J'ai passé beaucoup de temps dessus.
Dissertation,J'ai utilisé l'IA pour vérifier la grammaire.,Je pense que je peux faire mieux.
Rapport de stage 50,J'ai demandé à l'IA des synonymes pour enrichir mon vocabulaire.,J'ai passé beaucoup de temps dessus.
Projet,J'ai demandé à l'IA de générer un plan.,À revoir pour la prochaine fois.
Mémoire 44,L'IA m'a donné des exemples concrets.,J'ai passé beaucoup de temps dessus.
Synthèse,J'ai utilisé l'IA pour reformuler mes idées.,J'ai eu du mal à comprendre certaines consignes.
Rendu du 11 April 2025,L'IA m'a aidé à clarifier certains concepts.,Pas totalement satisfait du rendu.
Synthèse - Math,L'IA m'a donné des exemples concrets.,Je pense que je peux faire mieux.
Rapport de stage - Info,J'ai demandé à l'IA des synonymes pour enrichir mon vocabulaire.,"Premier essai, pas encore au point."
Présentation 43,L'IA m'a aidé à corriger mes fautes d'orthographe.,J'ai passé beaucoup de temps dessus.
Mémoire - Philo,L'IA m'a aidé à corriger mes fautes d'orthographe.,J'ai passé beaucoup de temps dessus.
Présentation,L'IA a généré un premier jet que j'ai retravaillé.,À discuter avec le professeur.
Projet,L'IA m'a aidé à corriger mes fautes d'orthographe.,J'ai appris beaucoup en le faisant.
Analyse,L'IA m'a aidé à clarifier certains concepts.,J'ai passé beaucoup de temps dessus.
Rapport de stage,J'ai utilisé l'IA pour reformuler mes idées.,J'ai passé beaucoup de temps dessus.
Présentation 46,J'ai utilisé l'IA pour reformuler mes idées.,Travail fait rapidement.
Rapport de stage - Math,J'ai utilisé l'IA pour reformuler mes idées.,Je pense que je peux faire mieux.
Analyse - Info,L'IA m'a permis de mieux structurer mes phrases.,J'ai passé beaucoup de temps dessus.
Présentation,L'IA m'a aidé à corriger mes fautes d'orthographe.,À revoir pour la prochaine fois.
Rapport de stage,Je me suis aidé de l'IA pour résumer un texte.,J'ai eu du mal à comprendre certaines consignes.
Exposé 46,J'ai utilisé l'IA pour reformuler mes idées.,Pas totalement satisfait du rendu.
Synthèse - Math,L'IA a généré un premier jet que j'ai retravaillé.,J'ai eu du mal à comprendre certaines consignes.
Analyse - Math,L'IA a généré un premier jet que j'ai retravaillé.,"Travail fait en retard, à améliorer."
Exposé,Je me suis aidé de l'IA pour résumer un texte.,"Travail fait en retard, à améliorer."
Projet 46,L'IA m'a aidé à clarifier certains concepts.,J'ai passé beaucoup de temps dessus.
Projet - Eco,L'IA m'a aidé à corriger mes fautes d'orthographe.,À revoir pour la prochaine fois.
Compte rendu 21,J'ai demandé à l'IA des synonymes pour enrichir mon vocabulaire.,À discuter avec le professeur.
Exposé - Math,L'IA m'a donné des exemples concrets.,À revoir pour la prochaine fois.
Synthèse 7,L'IA m'a aidé à clarifier certains concepts.,Je pense que je peux faire mieux.
Mémoire,L'IA m'a donné des exemples concrets.,À discuter avec le professeur.
Mémoire 22,J'ai utilisé l'IA pour reformuler mes idées.,Je pense que je peux faire mieux.
Compte rendu - Physique,L'IA m'a aidé à clarifier certains concepts.,Pas totalement satisfait du rendu.
Présentation 39,L'IA m'a aidé à clarifier certains concepts.,J'ai eu du mal à comprendre certaines consignes.
Présentation,J'ai demandé à l'IA des synonymes pour enrichir mon vocabulaire.,J'ai appris beaucoup en le faisant.
Compte rendu - Math,L'IA m'a aidé à corriger mes fautes d'orthographe.,"Premier essai, pas encore au point."
Compte rendu - Math,L'IA m'a aidé à corriger mes fautes d'orthographe.,J'ai passé beaucoup de temps dessus.
Compte rendu 9,J'ai utilisé l'IA pour vérifier la grammaire.,J'ai passé beaucoup de temps dessus.
Synthèse - Math,J'ai utilisé l'IA pour reformuler mes idées.,À discuter avec le professeur.
Synthèse 24,L'IA a généré un premier jet que j'ai retravaillé.,"Premier essai, pas encore au point."
Projet,L'IA m'a aidé à corriger mes fautes d'orthographe.,"Premier essai, pas encore au point."
Synthèse - Physique,J'ai utilisé l'IA pour vérifier la grammaire.,À revoir pour la prochaine fois.
Présentation - Eco,L'IA m'a aidé à clarifier certains concepts.,Je pense que je peux faire mieux.
Analyse - Physique,L'IA m'a permis de mieux structurer mes phrases.,Je pense que je peux faire mieux.
Mémoire,L'IA m'a aidé à corriger mes fautes d'orthographe.,Travail fait rapidement.
Rendu du 18 October 2025,J'ai utilisé l'IA pour vérifier la grammaire.,"Premier essai, pas encore au point."
Compte rendu 25,J'ai demandé à l'IA des synonymes pour enrichir mon vocabulaire.,Je pense que je peux faire mieux.
Synthèse,J'ai demandé à l'IA des synonymes pour enrichir mon vocabulaire.,Je pense que je peux faire mieux.
Mémoire 24,J'ai demandé à l'IA des synonymes pour enrichir mon vocabulaire.,Travail fait rapidement.
Projet,J'ai utilisé l'IA pour vérifier la grammaire.,J'ai eu du mal à comprendre certaines consignes.
Synthèse,J'ai demandé à l'IA de générer un plan.,À discuter avec le professeur.
Rendu du 28 April 2023,J'ai utilisé l'IA pour reformuler mes idées.,"Travail fait en retard, à améliorer."
Présentation 15,J'ai utilisé l'IA pour reformuler mes idées.,Pas totalement satisfait du rendu.
Compte rendu - Info,J'ai demandé à l'IA des synonymes pour enrichir mon vocabulaire.,J'ai appris beaucoup en le faisant.
Mémoire,L'IA a généré un premier jet que j'ai retravaillé.,J'ai appris beaucoup en le faisant.
Synthèse 20,L'IA m'a permis de mieux structurer mes phrases.,"Premier essai, pas encore au point."
Dissertation,J'ai demandé à l'IA de générer un plan.,J'ai appris beaucoup en le faisant.
Mémoire,L'IA m'a aidé à corriger mes fautes d'orthographe.,Je pense que je peux faire mieux.
Présentation - Info,J'ai demandé à l'IA des synonymes pour enrichir mon vocabulaire.,"Premier essai, pas encore au point."
Mémoire 22,L'IA m'a aidé à corriger mes fautes d'orthographe.,J'ai appris beaucoup en le faisant.
Projet 9,Je me suis aidé de l'IA pour résumer un texte.,J'ai eu du mal à comprendre certaines consignes.
Présentation,J'ai demandé à l'IA de générer un plan.,À revoir pour la prochaine fois.
Mémoire 27,L'IA m'a aidé à clarifier certains concepts.,À discuter avec le professeur.
Dissertation 38,L'IA m'a donné des exemples concrets.,Pas totalement satisfait du rendu.
Synthèse,J'ai utilisé l'IA pour vérifier la grammaire.,À discuter avec le professeur.
Exposé,J'ai demandé à l'IA des synonymes pour enrichir mon vocabulaire.,À revoir pour la prochaine fois.
Compte rendu - Philo,L'IA m'a aidé à corriger mes fautes d'orthographe.,J'ai appris beaucoup en le faisant.
Dissertation,J'ai utilisé l'IA pour reformuler mes idées.,À revoir pour la prochaine fois.
Projet 33,J'ai utilisé l'IA pour reformuler mes idées.,"Travail fait en retard, à améliorer."
Analyse 1,J'ai demandé à l'IA des synonymes pour enrichir mon vocabulaire.,Travail fait rapidement.
Présentation 48,L'IA m'a donné des exemples concrets.,Je pense que je peux faire mieux.
Rapport de stage - Info,L'IA m'a aidé à clarifier certains concepts.,Travail fait rapidement.
Exposé,L'IA m'a aidé à clarifier certains concepts.,"Premier essai, pas encore au point."
Présentation 50,J'ai demandé à l'IA des synonymes pour enrichir mon vocabulaire.,À revoir pour la prochaine fois.
Analyse - Eco,Je me suis aidé de l'IA pour résumer un texte.,J'ai appris beaucoup en le faisant.
Compte rendu,J'ai utilisé l'IA pour vérifier la grammaire.,À revoir pour la prochaine fois.
Rapport de stage,J'ai utilisé l'IA pour reformuler mes idées.,"Premier essai, pas encore au point."
Mémoire - Eco,L'IA a généré un premier jet que j'ai retravaillé.,Je pense que je peux faire mieux.
Dissertation,L'IA m'a aidé à corriger mes fautes d'orthographe.,Pas totalement satisfait du rendu.
Synthèse,L'IA m'a donné des exemples concrets.,J'ai eu du mal à comprendre certaines consignes.
Analyse,L'IA a généré un premier jet que j'ai retravaillé.,À revoir pour la prochaine fois.
Analyse 21,L'IA m'a aidé à clarifier certains concepts.,Je pense que je peux faire mieux.
Analyse,J'ai utilisé l'IA pour reformuler mes idées.,J'ai eu du mal à comprendre certaines consignes.
Analyse 23,L'IA m'a aidé à clarifier certains concepts.,Je pense que je peux faire mieux.
Exposé,J'ai utilisé l'IA pour vérifier la grammaire.,À revoir pour la prochaine fois.
Synthèse 16,L'IA a généré un premier jet que j'ai retravaillé.,Travail fait rapidement.
Synthèse,L'IA m'a donné des exemples concrets.,J'ai passé beaucoup de temps dessus.
Rendu du 16 June 2025,L'IA m'a permis de mieux structurer mes phrases.,Travail fait rapidement.
Analyse,L'IA m'a aidé à corriger mes fautes d'orthographe.,"Travail fait en retard, à améliorer."
Synthèse,L'IA m'a aidé à clarifier certains concepts.,Travail fait rapidement.
Exposé,L'IA a généré un premier jet que j'ai retravaillé.,Je pense que je peux faire mieux.
Présentation - Physique,L'IA m'a aidé à clarifier certains concepts.,"Premier essai, pas encore au point."
Synthèse - Math,L'IA m'a donné des exemples concrets.,J'ai eu du mal à comprendre certaines consignes.
Rendu du 27 November 2025,J'ai utilisé l'IA pour reformuler mes idées.,J'ai eu du mal à comprendre certaines consignes.
Synthèse 23,L'IA a généré un premier jet que j'ai retravaillé.,Pas totalement satisfait du rendu.
Synthèse - Philo,L'IA m'a aidé à corriger mes fautes d'orthographe.,À discuter avec le professeur.
Rendu du 18 November 2023,J'ai demandé à l'IA des synonymes pour enrichir mon vocabulaire.,"Travail fait en retard, à améliorer."
Rapport de stage - Info,L'IA m'a aidé à corriger mes fautes d'orthographe.,Je pense que je peux faire mieux.
Synthèse 21,L'IA a généré un premier jet que j'ai retravaillé.,J'ai appris beaucoup en le faisant.
Analyse 24,J'ai utilisé l'IA pour reformuler mes idées.,"Travail fait en retard, à améliorer."
Synthèse 19,L'IA m'a permis de mieux structurer mes phrases.,À discuter avec le professeur.
Compte rendu - Info,J'ai demandé à l'IA de générer un plan.,"Travail fait en retard, à améliorer."
Dissertation 6,L'IA a généré un premier jet que j'ai retravaillé.,"Premier essai, pas encore au point."
Projet 34,J'ai demandé à l'IA des synonymes pour enrichir mon vocabulaire.,J'ai appris beaucoup en le faisant.
Dissertation - Physique,L'IA m'a donné des exemples concrets.,"Premier essai, pas encore au point."
Présentation 4,L'IA m'a donné des exemples concrets.,"Travail fait en retard, à améliorer."
Projet,L'IA m'a donné des exemples concrets.,"Premier essai, pas encore au point."
Exposé,L'IA m'a aidé à clarifier certains concepts.,"Premier essai, pas encore au point."
Projet 32,J'ai utilisé l'IA pour reformuler mes idées.,Pas totalement satisfait du rendu.
Rapport de stage - Math,Je me suis aidé de l'IA pour résumer un texte.,À revoir pour la prochaine fois.
Projet - Eco,J'ai utilisé l'IA pour reformuler mes idées.,J'ai passé beaucoup de temps dessus.
Rapport de stage 26,J'ai utilisé l'IA pour vérifier la grammaire.,À discuter avec le professeur.
Dissertation 23,J'ai demandé à l'IA des synonymes pour enrichir mon vocabulaire.,J'ai appris beaucoup en le faisant.
Dissertation - Eco,Je me suis aidé de l'IA pour résumer un texte.,"Premier essai, pas encore au point."
Exposé 34,J'ai demandé à l'IA des synonymes pour enrichir mon vocabulaire.,À discuter avec le professeur.
Présentation - Math,L'IA m'a aidé à clarifier certains concepts.,J'ai passé beaucoup de temps dessus.
Analyse 45,L'IA a généré un premier jet que j'ai retravaillé.,J'ai passé beaucoup de temps dessus.
Synthèse,J'ai demandé à l'IA de générer un plan.,À revoir pour la prochaine fois.
Compte rendu 19,J'ai utilisé l'IA pour reformuler mes idées.,J'ai appris beaucoup en le faisant.
Présentation - Philo,L'IA m'a aidé à corriger mes fautes d'orthographe.,J'ai passé beaucoup de temps dessus.
Analyse 12,J'ai demandé à l'IA des synonymes pour enrichir mon vocabulaire.,J'ai appris beaucoup en le faisant.
Exposé 27,L'IA m'a permis de mieux structurer mes phrases.,"Travail fait en retard, à améliorer."
Projet - Philo,L'IA m'a aidé à clarifier certains concepts.,J'ai passé beaucoup de temps dessus.
Exposé - Eco,L'IA a généré un premier jet que j'ai retravaillé.,"Premier essai, pas encore au point."
Compte rendu 14,L'IA m'a permis de mieux structurer mes phrases.,J'ai appris beaucoup en le faisant.
Analyse - Math,J'ai demandé à l'IA de générer un plan.,J'ai appris beaucoup en le faisant.
Projet - Physique,L'IA m'a permis de mieux structurer mes phrases.,À discuter avec le professeur.
Mémoire - Physique,J'ai demandé à l'IA de générer un plan.,J'ai passé beaucoup de temps dessus.
Analyse,L'IA m'a donné des exemples concrets.,À discuter avec le professeur.
Analyse - Physique,J'ai utilisé l'IA pour reformuler mes idées.,J'ai appris beaucoup en le faisant.
Dissertation - Philo,L'IA m'a donné des exemples concrets.,Je pense que je peux faire mieux.
Présentation,J'ai demandé à l'IA des synonymes pour enrichir mon vocabulaire.,Pas totalement satisfait du rendu.
Présentation - Philo,L'IA a généré un premier jet que j'ai retravaillé.,"Premier essai, pas encore au point."
Mémoire - Physique,J'ai utilisé l'IA pour reformuler mes idées.,J'ai appris beaucoup en le faisant.
Présentation,Je me suis aidé de l'IA pour résumer un texte.,Pas totalement satisfait du rendu.
Présentation 42,L'IA m'a aidé à corriger mes fautes d'orthographe.,"Travail fait en retard, à améliorer."
Projet 30,Je me suis aidé de l'IA pour résumer un texte.,Travail fait rapidement.
Analyse 27,Je me suis aidé de l'IA pour résumer un texte.,Pas totalement satisfait du rendu.
Exposé,L'IA a généré un premier jet que j'ai retravaillé.,Pas totalement satisfait du rendu.
Synthèse,L'IA m'a permis de mieux structurer mes phrases.,À revoir pour la prochaine fois.
Dissertation,Je me suis aidé de l'IA pour résumer un texte.,Travail fait rapidement.
Synthèse 42,J'ai utilisé l'IA pour reformuler mes idées.,À revoir pour la prochaine fois.
Présentation,L'IA m'a permis de mieux structurer mes phrases.,Pas totalement satisfait du rendu.
Mémoire 7,L'IA m'a donné des exemples concrets.,"Travail fait en retard, à améliorer."
Compte rendu,L'IA m'a permis de mieux structurer mes phrases.,"Travail fait en retard, à améliorer."
Exposé - Eco,L'IA m'a aidé à corriger mes fautes d'orthographe.,À revoir pour la prochaine fois.
Mémoire,L'IA m'a aidé à clarifier certains concepts.,"Premier essai, pas encore au point."
Exposé,Je me suis aidé de l'IA pour résumer un texte.,Pas totalement satisfait du rendu.
Rendu du 26 July 2022,J'ai demandé à l'IA des synonymes pour enrichir mon vocabulaire.,Je pense que je peux faire mieux.
Mémoire 27,J'ai demandé à l'IA des synonymes pour enrichir mon vocabulaire.,J'ai passé beaucoup de temps dessus.
Synthèse,L'IA a généré un premier jet que j'ai retravaillé.,"Travail fait en retard, à améliorer."
Dissertation 31,Je me suis aidé de l'IA pour résumer un texte.,Pas totalement satisfait du rendu.
Dissertation 42,L'IA m'a aidé à corriger mes fautes d'orthographe.,À discuter avec le professeur.
Rapport de stage,J'ai demandé à l'IA de générer un plan.,J'ai eu du mal à comprendre certaines consignes.
Présentation,J'ai demandé à l'IA des synonymes pour enrichir mon vocabulaire.,"Premier essai, pas encore au point."
Rendu du 28 January 2022,L'IA m'a permis de mieux structurer mes phrases.,À discuter avec le professeur.
Compte rendu - Info,J'ai demandé à l'IA des synonymes pour enrichir mon vocabulaire.,Pas totalement satisfait du rendu.
Présentation - Info,Je me suis aidé de l'IA pour résumer un texte.,À revoir pour la prochaine fois.
Compte rendu 23,Je me suis aidé de l'IA pour résumer un texte.,J'ai eu du mal à comprendre certaines consignes.
Synthèse - Eco,L'IA m'a aidé à corriger mes fautes d'orthographe.,J'ai eu du mal à comprendre certaines consignes.
Projet,J'ai utilisé l'IA pour reformuler mes idées.,"Travail fait en retard, à améliorer."
Analyse 25,J'ai utilisé l'IA pour reformuler mes idées.,Je pense que je peux faire mieux.
Exposé 17,J'ai utilisé l'IA pour reformuler mes idées.,J'ai eu du mal à comprendre certaines consignes.
Dissertation,J'ai demandé à l'IA des synonymes pour enrichir mon vocabulaire.,J'ai eu du mal à comprendre certaines consignes.
Mémoire - Physique,Je me suis aidé de l'IA pour résumer un texte.,J'ai appris beaucoup en le faisant.
Analyse,J'ai utilisé l'IA pour reformuler mes idées.,Pas totalement satisfait du rendu.
Compte rendu - Info,L'IA m'a donné des exemples concrets.,"Premier essai, pas encore au point."
Projet 21,Je me suis aidé de l'IA pour résumer un texte.,J'ai appris beaucoup en le faisant.
Projet 2,Je me suis aidé de l'IA pour résumer un texte.,Travail fait rapidement.
Compte rendu,Je me suis aidé de l'IA pour résumer un texte.,Travail fait rapidement.
Rendu du 30 August 2022,L'IA m'a aidé à corriger mes fautes d'orthographe.,Travail fait rapidement.
Mémoire 11,L'IA m'a donné des exemples concrets.,J'ai appris beaucoup en le faisant.
Projet,Je me suis aidé de l'IA pour résumer un texte.,Je pense que je peux faire mieux.
Rapport de stage 6,L'IA a généré un premier jet que j'ai retravaillé.,J'ai eu du mal à comprendre certaines consignes.
Exposé 42,L'IA m'a donné des exemples concrets.,J'ai eu du mal à comprendre certaines consignes.
Compte rendu - Physique,J'ai demandé à l'IA des synonymes pour enrichir mon vocabulaire.,J'ai eu du mal à comprendre certaines consignes.
Analyse,Je me suis aidé de l'IA pour résumer un texte.,J'ai passé beaucoup de temps dessus.
Synthèse 33,L'IA a généré un premier jet que j'ai retravaillé.,À revoir pour la prochaine fois.
Analyse,J'ai demandé à l'IA des synonymes pour enrichir mon vocabulaire.,J'ai appris beaucoup en le faisant.
Rendu du 13 December 2025,J'ai utilisé l'IA pour vérifier la grammaire.,J'ai passé beaucoup de temps dessus.
Synthèse - Info,J'ai utilisé l'IA pour reformuler mes idées.,Pas totalement satisfait du rendu.
Présentation,J'ai demandé à l'IA de générer un plan.,À revoir pour la prochaine fois.
Exposé,Je me suis aidé de l'IA pour résumer un texte.,Pas totalement satisfait du rendu.
Projet,L'IA m'a aidé à corriger mes fautes d'orthographe.,J'ai passé beaucoup de temps dessus.
Rendu du 25 December 2024,J'ai utilisé l'IA pour vérifier la grammaire.,J'ai passé beaucoup de temps dessus.
Présentation,L'IA a généré un premier jet que j'ai retravaillé.,J'ai passé beaucoup de temps dessus.
Rendu du 15 April 2025,L'IA a généré un premier jet que j'ai retravaillé.,À revoir pour la prochaine fois.
Rapport de stage,L'IA m'a aidé à corriger mes fautes d'orthographe.,J'ai appris beaucoup en le faisant.
Compte rendu,L'IA m'a donné des exemples concrets.,J'ai eu du mal à comprendre certaines consignes.
Rapport de stage 14,J'ai demandé à l'IA des synonymes pour enrichir mon vocabulaire.,Je pense que je peux faire mieux.
Synthèse 22,L'IA m'a aidé à clarifier certains concepts.,J'ai appris beaucoup en le faisant.
Rendu du 13 May 2023,L'IA a généré un premier jet que j'ai retravaillé.,Travail fait rapidement.
Mémoire,J'ai demandé à l'IA de générer un plan.,Travail fait rapidement.
Rapport de stage - Physique,L'IA m'a aidé à clarifier certains concepts.,J'ai appris beaucoup en le faisant.
Exposé,J'ai demandé à l'IA de générer un plan.,À discuter avec le professeur.
Mémoire 21,J'ai demandé à l'IA de générer un plan.,Je pense que je peux faire mieux.
Présentation 41,J'ai utilisé l'IA pour vérifier la grammaire.,J'ai appris beaucoup en le faisant.
Synthèse,J'ai demandé à l'IA des synonymes pour enrichir mon vocabulaire.,J'ai eu du mal à comprendre certaines consignes.
Rapport de stage - Physique,J'ai utilisé l'IA pour reformuler mes idées.,Pas totalement satisfait du rendu.
Exposé - Physique,L'IA m'a aidé à corriger mes fautes d'orthographe.,Je pense que je peux faire mieux.
Présentation - Philo,L'IA m'a permis de mieux structurer mes phrases.,"Premier essai, pas encore au point."
Dissertation 50,L'IA m'a aidé à corriger mes fautes d'orthographe.,Pas totalement satisfait du rendu.
Exposé,L'IA m'a permis de mieux structurer mes phrases.,J'ai appris beaucoup en le faisant.
Rapport de stage,J'ai demandé à l'IA des synonymes pour enrichir mon vocabulaire.,À discuter avec le professeur.
Présentation,L'IA a généré un premier jet que j'ai retravaillé.,Travail fait rapidement.
Analyse - Math,L'IA m'a aidé à clarifier certains concepts.,À discuter avec le professeur.
Rendu du 17 February 2023,J'ai demandé à l'IA de générer un plan.,À discuter avec le professeur.
Projet,L'IA m'a donné des exemples concrets.,"Travail fait en retard, à améliorer."
Présentation,J'ai utilisé l'IA pour vérifier la grammaire.,Pas totalement satisfait du rendu.
Exposé - Physique,Je me suis aidé de l'IA pour résumer un texte.,À discuter avec le professeur.
Exposé,J'ai demandé à l'IA de générer un plan.,Travail fait rapidement.
Analyse,L'IA m'a permis de mieux structurer mes phrases.,"Premier essai, pas encore au point."
Projet 35,Je me suis aidé de l'IA pour résumer un texte.,Travail fait rapidement.
Rendu du 17 October 2023,J'ai demandé à l'IA des synonymes pour enrichir mon vocabulaire.,Je pense que je peux faire mieux.
Présentation - Philo,J'ai demandé à l'IA de générer un plan.,"Travail fait en retard, à améliorer."
Rendu du 23 September 2025,L'IA m'a donné des exemples concrets.,À discuter avec le professeur.
Rapport de stage - Math,L'IA m'a aidé à corriger mes fautes d'orthographe.,Je pense que je peux faire mieux.
Rapport de stage - Philo,L'IA m'a permis de mieux structurer mes phrases.,J'ai appris beaucoup en le faisant.
Analyse 28,Je me suis aidé de l'IA pour résumer un texte.,Je pense que je peux faire mieux.
Rendu du 21 January 2024,J'ai utilisé l'IA pour vérifier la grammaire.,Je pense que je peux faire mieux.
Dissertation,L'IA m'a aidé à corriger mes fautes d'orthographe.,Travail fait rapidement.
Projet,J'ai utilisé l'IA pour vérifier la grammaire.,J'ai appris beaucoup en le faisant.
Dissertation - Physique,L'IA m'a donné des exemples concrets.,J'ai passé beaucoup de temps dessus.
Rapport de stage 3,L'IA m'a donné des exemples concrets.,Pas totalement satisfait du rendu.
Mémoire,Je me suis aidé de l'IA pour résumer un texte.,À discuter avec le professeur.
Exposé 36,L'IA m'a aidé à clarifier certains concepts.,Travail fait rapidement.
Présentation,Je me suis aidé de l'IA pour résumer un texte.,J'ai appris beaucoup en le faisant.
Mémoire 13,J'ai utilisé l'IA pour vérifier la grammaire.,"Premier essai, pas encore au point."
Exposé - Philo,L'IA a généré un premier jet que j'ai retravaillé.,J'ai passé beaucoup de temps dessus.
Rapport de stage - Physique,Je me suis aidé de l'IA pour résumer un texte.,"Travail fait en retard, à améliorer."
Projet,J'ai utilisé l'IA pour vérifier la grammaire.,À discuter avec le professeur.
Mémoire - Philo,L'IA a généré un premier jet que j'ai retravaillé.,À discuter avec le professeur.
Synthèse 5,J'ai demandé à l'IA des synonymes pour enrichir mon vocabulaire.,Travail fait rapidement.
Présentation 20,L'IA m'a donné des exemples concrets.,Je pense que je peux faire mieux.
Rapport de stage 15,J'ai demandé à l'IA des synonymes pour enrichir mon vocabulaire.,J'ai appris beaucoup en le faisant.
Rendu du 08 August 2023,L'IA m'a aidé à corriger mes fautes d'orthographe.,J'ai appris beaucoup en le faisant.
Synthèse,L'IA m'a permis de mieux structurer mes phrases.,J'ai appris beaucoup en le faisant.
Compte rendu - Info,L'IA m'a permis de mieux structurer mes phrases.,Pas totalement satisfait du rendu.
Rendu du 16 September 2024,J'ai utilisé l'IA pour vérifier la grammaire.,J'ai appris beaucoup en le faisant.
Rendu du 04 June 2022,Je me suis aidé de l'IA pour résumer un texte.,"Travail fait en retard, à améliorer."
Rapport de stage 20,L'IA m'a donné des exemples concrets.,"Premier essai, pas encore au point."
Mémoire,L'IA m'a permis de mieux structurer mes phrases.,À discuter avec le professeur.
Exposé - Math,L'IA m'a permis de mieux structurer mes phrases.,"Travail fait en retard, à améliorer."
Rendu du 03 October 2022,L'IA m'a aidé à corriger mes fautes d'orthographe.,Je pense que je peux faire mieux.
Rendu du 20 January 2022,L'IA m'a aidé à clarifier certains concepts.,Travail fait rapidement.
Rendu du 01 February 2022,L'IA m'a permis de mieux structurer mes phrases.,"Premier essai, pas encore au point."
Rapport de stage 10,J'ai demandé à l'IA des synonymes pour enrichir mon vocabulaire.,"Travail fait en retard, à améliorer."
Mémoire 20,Je me suis aidé de l'IA pour résumer un texte.,"Travail fait en retard, à améliorer."
Synthèse 3,J'ai demandé à l'IA des synonymes pour enrichir mon vocabulaire.,J'ai passé beaucoup de temps dessus.
Mémoire 5,L'IA a généré un premier jet que j'ai retravaillé.,À discuter avec le professeur.
Rendu du 21 February 2025,L'IA m'a aidé à clarifier certains concepts.,"Premier essai, pas encore au point."
Rapport de stage - Philo,L'IA m'a aidé à clarifier certains concepts.,À revoir pour la prochaine fois.
Mémoire - Philo,J'ai demandé à l'IA de générer un plan.,J'ai appris beaucoup en le faisant.
Synthèse,L'IA m'a donné des exemples concrets.,À discuter avec le professeur.
Projet 44,L'IA m'a permis de mieux structurer mes phrases.,Je pense que je peux faire mieux.
Synthèse 46,Je me suis aidé de l'IA pour résumer un texte.,J'ai eu du mal à comprendre certaines consignes.
Dissertation 10,L'IA m'a aidé à corriger mes fautes d'orthographe.,J'ai eu du mal à comprendre certaines consignes.
Projet - Math,L'IA m'a donné des exemples concrets.,J'ai eu du mal à comprendre certaines consignes.
Exposé,J'ai demandé à l'IA de générer un plan.,Je pense que je peux faire mieux.
Compte rendu - Philo,J'ai demandé à l'IA de générer un plan.,Pas totalement satisfait du rendu.
Analyse - Info,J'ai demandé à l'IA de générer un plan.,J'ai passé beaucoup de temps dessus.
Exposé 27,L'IA m'a aidé à clarifier certains concepts.,Pas totalement satisfait du rendu.
Synthèse - Math,J'ai utilisé l'IA pour vérifier la grammaire.,À revoir pour la prochaine fois.
Rapport de stage 10,J'ai utilisé l'IA pour reformuler mes idées.,"Travail fait en retard, à améliorer."
Rendu du 22 January 2023,L'IA a généré un premier jet que j'ai retravaillé.,J'ai appris beaucoup en le faisant.
Présentation - Eco,L'IA m'a aidé à corriger mes fautes d'orthographe.,"Travail fait en retard, à améliorer."
Exposé 17,L'IA a généré un premier jet que j'ai retravaillé.,J'ai eu du mal à comprendre certaines consignes.
Synthèse - Eco,J'ai demandé à l'IA des synonymes pour enrichir mon vocabulaire.,J'ai appris beaucoup en le faisant.
Mémoire - Eco,L'IA a généré un premier jet que j'ai retravaillé.,Travail fait rapidement.
Compte rendu 10,J'ai demandé à l'IA de générer un plan.,J'ai eu du mal à comprendre certaines consignes.
Rapport de stage - Eco,J'ai utilisé l'IA pour vérifier la grammaire.,"Travail fait en retard, à améliorer."
Analyse 50,L'IA a généré un premier jet que j'ai retravaillé.,J'ai eu du mal à comprendre certaines consignes.
Projet,L'IA m'a permis de mieux structurer mes phrases.,Je pense que je peux faire mieux.
Rapport de stage - Info,J'ai demandé à l'IA des synonymes pour enrichir mon vocabulaire.,Travail fait rapidement.
Rendu du 22 August 2024,J'ai demandé à l'IA de générer un plan.,J'ai eu du mal à comprendre certaines consignes.
Projet 5,J'ai demandé à l'IA des synonymes pour enrichir mon vocabulaire.,J'ai passé beaucoup de temps dessus.
Mémoire 40,L'IA m'a aidé à clarifier certains concepts.,"Travail fait en retard, à améliorer."
Projet - Physique,L'IA m'a aidé à corriger mes fautes d'orthographe.,À revoir pour la prochaine fois.
Dissertation - Philo,J'ai demandé à l'IA des synonymes pour enrichir mon vocabulaire.,Pas totalement satisfait du rendu.
Rapport de stage - Eco,J'ai utilisé l'IA pour vérifier la grammaire.,J'ai passé beaucoup de temps dessus.
Compte rendu,L'IA m'a aidé à clarifier certains concepts.,J'ai appris beaucoup en le faisant.
Dissertation,L'IA a généré un premier jet que j'ai retravaillé.,"Premier essai, pas encore au point."
Dissertation,J'ai utilisé l'IA pour reformuler mes idées.,Pas totalement satisfait du rendu.
Compte rendu,L'IA m'a permis de mieux structurer mes phrases.,J'ai appris beaucoup en le faisant.
Compte rendu 26,L'IA a généré un premier jet que j'ai retravaillé.,À revoir pour la prochaine fois.
Rendu du 20 May 2023,J'ai utilisé l'IA pour reformuler mes idées.,Je pense que je peux faire mieux.
Compte rendu,J'ai demandé à l'IA des synonymes pour enrichir mon vocabulaire.,"Premier essai, pas encore au point."
Mémoire - Info,L'IA a généré un premier jet que j'ai retravaillé.,À revoir pour la prochaine fois.
Rendu du 20 January 2025,J'ai demandé à l'IA des synonymes pour enrichir mon vocabulaire.,J'ai eu du mal à comprendre certaines consignes.
Présentation,Je me suis aidé de l'IA pour résumer un texte.,Travail fait rapidement.
Analyse - Physique,L'IA a généré un premier jet que j'ai retravaillé.,"Premier essai, pas encore au point."
Projet,L'IA m'a donné des exemples concrets.,Je pense que je peux faire mieux.
Rendu du 07 August 2022,L'IA m'a aidé à corriger mes fautes d'orthographe.,À revoir pour la prochaine fois.
Analyse 48,J'ai demandé à l'IA des synonymes pour enrichir mon vocabulaire.,J'ai passé beaucoup de temps dessus.
Présentation,L'IA m'a permis de mieux structurer mes phrases.,J'ai appris beaucoup en le faisant.
Rapport de stage - Math,L'IA m'a aidé à clarifier certains concepts.,J'ai appris beaucoup en le faisant.
Rendu du 23 December 2022,L'IA m'a aidé à clarifier certains concepts.,"Travail fait en retard, à améliorer."
Présentation 13,J'ai demandé à l'IA de générer un plan.,Je pense que je peux faire mieux.
Exposé - Philo,L'IA m'a donné des exemples concrets.,Pas totalement satisfait du rendu.
Compte rendu - Info,L'IA m'a aidé à corriger mes fautes d'orthographe.,"Travail fait en retard, à améliorer."
Analyse,L'IA m'a permis de mieux structurer mes phrases.,J'ai eu du mal à comprendre certaines consignes.
Rapport de stage,J'ai demandé à l'IA de générer un plan.,Je pense que je peux faire mieux.
Rendu du 17 June 2024,L'IA a généré un premier jet que j'ai retravaillé.,J'ai passé beaucoup de temps dessus.
Présentation 14,L'IA m'a aidé à corriger mes fautes d'orthographe.,À discuter avec le professeur.
Dissertation - Physique,L'IA m'a aidé à corriger mes fautes d'orthographe.,Pas totalement satisfait du rendu.
Compte rendu,L'IA m'a aidé à clarifier certains concepts.,J'ai appris beaucoup en le faisant.
Rendu du 09 November 2025,J'ai demandé à l'IA des synonymes pour enrichir mon vocabulaire.,Travail fait rapidement.
Présentation,L'IA a généré un premier jet que j'ai retravaillé.,Pas totalement satisfait du rendu.
Rendu du 07 December 2022,L'IA m'a aidé à clarifier certains concepts.,J'ai passé beaucoup de temps dessus.
Dissertation,L'IA m'a aidé à corriger mes fautes d'orthographe.,J'ai passé beaucoup de temps dessus.
Dissertation,L'IA m'a donné des exemples concrets.,À revoir pour la prochaine fois.
Dissertation 39,J'ai demandé à l'IA de générer un plan.,J'ai passé beaucoup de temps dessus.
Compte rendu 23,J'ai demandé à l'IA de générer un plan.,À revoir pour la prochaine fois.
Présentation - Eco,L'IA m'a aidé à clarifier certains concepts.,J'ai appris beaucoup en le faisant.
Rapport de stage,L'IA m'a aidé à corriger mes fautes d'orthographe.,"Travail fait en retard, à améliorer."
Présentation 4,J'ai utilisé l'IA pour vérifier la grammaire.,Travail fait rapidement.
Exposé - Info,L'IA m'a aidé à corriger mes fautes d'orthographe.,"Travail fait en retard, à améliorer."
Exposé,L'IA m'a aidé à clarifier certains concepts.,J'ai appris beaucoup en le faisant.
Présentation - Physique,J'ai utilisé l'IA pour vérifier la grammaire.,Travail fait rapidement.
Exposé 37,L'IA m'a aidé à corriger mes fautes d'orthographe.,J'ai passé beaucoup de temps dessus.
Dissertation 33,J'ai demandé à l'IA de générer un plan.,À discuter avec le professeur.
Analyse 24,L'IA m'a donné des exemples concrets.,Je pense que je peux faire mieux.
Synthèse,Je me suis aidé de l'IA pour résumer un texte.,Je pense que je peux faire mieux.
Exposé 12,Je me suis aidé de l'IA pour résumer un texte.,"Travail fait en retard, à améliorer."
Analyse 9,L'IA a généré un premier jet que j'ai retravaillé.,"Premier essai, pas encore au point."
Analyse - Info,J'ai demandé à l'IA des synonymes pour enrichir mon vocabulaire.,J'ai eu du mal à comprendre certaines consignes.
Rapport de stage - Eco,J'ai demandé à l'IA de générer un plan.,J'ai eu du mal à comprendre certaines consignes.
Analyse,L'IA m'a aidé à clarifier certains concepts.,"Premier essai, pas encore au point."
Dissertation - Math,J'ai utilisé l'IA pour vérifier la grammaire.,Je pense que je peux faire mieux.
Dissertation - Eco,J'ai demandé à l'IA des synonymes pour enrichir mon vocabulaire.,À discuter avec le professeur.
Exposé,L'IA m'a donné des exemples concrets.,J'ai passé beaucoup de temps dessus.
Rendu du 30 December 2022,J'ai demandé à l'IA des synonymes pour enrichir mon vocabulaire.,J'ai appris beaucoup en le faisant.
Présentation - Info,J'ai utilisé l'IA pour reformuler mes idées.,J'ai eu du mal à comprendre certaines consignes.
Projet,J'ai utilisé l'IA pour reformuler mes idées.,À revoir pour la prochaine fois.
Compte rendu - Info,J'ai demandé à l'IA des synonymes pour enrichir mon vocabulaire.,J'ai eu du mal à comprendre certaines consignes.
Mémoire 32,L'IA m'a aidé à clarifier certains concepts.,Je pense que je peux faire mieux.
Mémoire - Eco,Je me suis aidé de l'IA pour résumer un texte.,Pas totalement satisfait du rendu.
Synthèse - Physique,L'IA a généré un premier jet que j'ai retravaillé.,À discuter avec le professeur.
Analyse 4,J'ai demandé à l'IA de générer un plan.,J'ai appris beaucoup en le faisant.
Projet - Physique,L'IA a généré un premier jet que j'ai retravaillé.,Travail fait rapidement.
Présentation,L'IA m'a aidé à corriger mes fautes d'orthographe.,Pas totalement satisfait du rendu.
Dissertation 16,J'ai utilisé l'IA pour vérifier la grammaire.,À revoir pour la prochaine fois.
Compte rendu,L'IA m'a donné des exemples concrets.,Pas totalement satisfait du rendu.
Rapport de stage,L'IA a généré un premier jet que j'ai retravaillé.,J'ai eu du mal à comprendre certaines consignes.
Compte rendu - Physique,J'ai utilisé l'IA pour reformuler mes idées.,"Travail fait en retard, à améliorer."
Dissertation,Je me suis aidé de l'IA pour résumer un texte.,À discuter avec le professeur.
Synthèse 46,J'ai utilisé l'IA pour vérifier la grammaire.,"Travail fait en retard, à améliorer."
Rendu du 17 November 2023,J'ai utilisé l'IA pour reformuler mes idées.,J'ai appris beaucoup en le faisant.
Synthèse,Je me suis aidé de l'IA pour résumer un texte.,À discuter avec le professeur.
Rapport de stage 28,L'IA m'a aidé à corriger mes fautes d'orthographe.,"Travail fait en retard, à améliorer."
Dissertation - Info,J'ai utilisé l'IA pour vérifier la grammaire.,À discuter avec le professeur.
Dissertation 10,J'ai demandé à l'IA de générer un plan.,Je pense que je peux faire mieux.
Rendu du 14 January 2023,J'ai demandé à l'IA des synonymes pour enrichir mon vocabulaire.,À revoir pour la prochaine fois.
Rapport de stage,Je me suis aidé de l'IA pour résumer un texte.,J'ai eu du mal à comprendre certaines consignes.
Synthèse - Eco,J'ai demandé à l'IA des synonymes pour enrichir mon vocabulaire.,J'ai passé beaucoup de temps dessus.
Synthèse - Philo,J'ai utilisé l'IA pour reformuler mes idées.,À revoir pour la prochaine fois.
Dissertation - Info,L'IA m'a permis de mieux structurer mes phrases.,J'ai eu du mal à comprendre certaines consignes.
Rendu du 21 November 2022,J'ai utilisé l'IA pour vérifier la grammaire.,"Travail fait en retard, à améliorer."
Compte rendu,J'ai demandé à l'IA des synonymes pour enrichir mon vocabulaire.,Travail fait rapidement.
Mémoire,L'IA m'a aidé à corriger mes fautes d'orthographe.,"Premier essai, pas encore au point."
Rapport de stage 44,L'IA m'a aidé à clarifier certains concepts.,Travail fait rapidement.
Présentation 7,L'IA m'a aidé à clarifier certains concepts.,"Travail fait en retard, à améliorer."
Présentation - Math,L'IA m'a aidé à clarifier certains concepts.,J'ai appris beaucoup en le faisant.
Exposé,L'IA m'a aidé à clarifier certains concepts.,À revoir pour la prochaine fois.
Synthèse,L'IA m'a permis de mieux structurer mes phrases.,Je pense que je peux faire mieux.
Analyse - Math,L'IA m'a aidé à clarifier certains concepts.,J'ai appris beaucoup en le faisant.
Projet 27,J'ai utilisé l'IA pour vérifier la grammaire.,Travail fait rapidement.
Rapport de stage 36,L'IA a généré un premier jet que j'ai retravaillé.,J'ai passé beaucoup de temps dessus.
Rapport de stage,J'ai demandé à l'IA de générer un plan.,Je pense que je peux faire mieux.
Dissertation,J'ai demandé à l'IA de générer un plan.,Pas totalement satisfait du rendu.
Mémoire - Physique,L'IA m'a aidé à corriger mes fautes d'orthographe.,J'ai passé beaucoup de temps dessus.
Rendu du 26 February 2022,Je me suis aidé de l'IA pour résumer un texte.,À revoir pour la prochaine fois.
Synthèse 44,L'IA m'a donné des exemples concrets.,Travail fait rapidement.
Synthèse,L'IA m'a donné des exemples concrets.,J'ai passé beaucoup de temps dessus.
Mémoire - Physique,L'IA a généré un premier jet que j'ai retravaillé.,"Travail fait en retard, à améliorer."
Synthèse,Je me suis aidé de l'IA pour résumer un texte.,Travail fait rapidement.
Rendu du 04 August 2023,J'ai utilisé l'IA pour reformuler mes idées.,"Travail fait en retard, à améliorer."
Mémoire - Math,J'ai utilisé l'IA pour vérifier la grammaire.,Travail fait rapidement.
Rapport de stage,L'IA a généré un premier jet que j'ai retravaillé.,"Premier essai, pas encore au point."
Synthèse,J'ai utilisé l'IA pour vérifier la grammaire.,J'ai appris beaucoup en le faisant.
Présentation 30,L'IA a généré un premier jet que j'ai retravaillé.,À revoir pour la prochaine fois.
Mémoire - Info,J'ai utilisé l'IA pour reformuler mes idées.,J'ai eu du mal à comprendre certaines consignes.
Compte rendu - Eco,L'IA m'a permis de mieux structurer mes phrases.,Pas totalement satisfait du rendu.
Rapport de stage - Info,L'IA m'a permis de mieux structurer mes phrases.,J'ai eu du mal à comprendre certaines consignes.
Exposé - Physique,J'ai demandé à l'IA des synonymes pour enrichir mon vocabulaire.,"Travail fait en retard, à améliorer."
Rendu du 29 October 2022,L'IA m'a permis de mieux structurer mes phrases.,Je pense que je peux faire mieux.
Dissertation,L'IA m'a permis de mieux structurer mes phrases.,J'ai appris beaucoup en le faisant.
Compte rendu - Info,L'IA a généré un premier jet que j'ai retravaillé.,"Premier essai, pas encore au point."
Exposé 33,L'IA m'a aidé à corriger mes fautes d'orthographe.,Travail fait rapidement.
Dissertation 13,L'IA m'a donné des exemples concrets.,Je pense que je peux faire mieux.
Compte rendu - Info,L'IA m'a permis de mieux structurer mes phrases.,"Premier essai, pas encore au point."
Analyse,J'ai utilisé l'IA pour reformuler mes idées.,J'ai eu du mal à comprendre certaines consignes.
Synthèse 16,J'ai demandé à l'IA des synonymes pour enrichir mon vocabulaire.,À discuter avec le professeur.
Compte rendu,L'IA m'a aidé à clarifier certains concepts.,J'ai eu du mal à comprendre certaines consignes.
Compte rendu - Math,J'ai demandé à l'IA de générer un plan.,"Travail fait en retard, à améliorer."
Analyse - Info,J'ai demandé à l'IA des synonymes pour enrichir mon vocabulaire.,J'ai appris beaucoup en le faisant.
Exposé - Philo,J'ai demandé à l'IA de générer un plan.,"Travail fait en retard, à améliorer."
Rendu du 10 March 2023,J'ai utilisé l'IA pour vérifier la grammaire.,J'ai eu du mal à comprendre certaines consignes.
Mémoire 23,L'IA m'a donné des exemples concrets.,Pas totalement satisfait du rendu.
Exposé 19,L'IA m'a donné des exemples concrets.,"Premier essai, pas encore au point."
Projet,L'IA m'a permis de mieux structurer mes phrases.,J'ai appris beaucoup en le faisant.
Compte rendu,J'ai utilisé l'IA pour vérifier la grammaire.,J'ai eu du mal à comprendre certaines consignes.
Exposé 30,L'IA m'a aidé à clarifier certains concepts.,À revoir pour la prochaine fois.
Rapport de stage 25,J'ai utilisé l'IA pour vérifier la grammaire.,À discuter avec le professeur.
Compte rendu 43,Je me suis aidé de l'IA pour résumer un texte.,J'ai passé beaucoup de temps dessus.
Analyse - Info,L'IA m'a permis de mieux structurer mes phrases.,Pas totalement satisfait du rendu.
Dissertation,J'ai demandé à l'IA de générer un plan.,Je pense que je peux faire mieux.
Projet - Philo,L'IA m'a aidé à corriger mes fautes d'orthographe.,J'ai passé beaucoup de temps dessus.
Rendu du 09 August 2023,J'ai utilisé l'IA pour reformuler mes idées.,"Premier essai, pas encore au point."
Compte rendu,L'IA m'a permis de mieux structurer mes phrases.,Travail fait rapidement.
Synthèse - Eco,J'ai demandé à l'IA de générer un plan.,"Travail fait en retard, à améliorer."
Mémoire - Info,L'IA m'a aidé à clarifier certains concepts.,Pas totalement satisfait du rendu.
Rapport de stage 34,J'ai demandé à l'IA des synonymes pour enrichir mon vocabulaire.,Travail fait rapidement.
Mémoire 21,L'IA m'a permis de mieux structurer mes phrases.,J'ai appris beaucoup en le faisant.
Synthèse,J'ai demandé à l'IA des synonymes pour enrichir mon vocabulaire.,"Travail fait en retard, à améliorer."
Rapport de stage,L'IA m'a aidé à corriger mes fautes d'orthographe.,"Travail fait en retard, à améliorer."
Projet,L'IA m'a permis de mieux structurer mes phrases.,"Travail fait en retard, à améliorer."
Présentation 36,Je me suis aidé de l'IA pour résumer un texte.,J'ai eu du mal à comprendre certaines consignes.
Mémoire 41,J'ai utilisé l'IA pour vérifier la grammaire.,Travail fait rapidement.
Analyse,L'IA m'a aidé à corriger mes fautes d'orthographe.,Pas totalement satisfait du rendu.
Synthèse 5,Je me suis aidé de l'IA pour résumer un texte.,J'ai passé beaucoup de temps dessus.
Exposé - Info,J'ai demandé à l'IA de générer un plan.,J'ai appris beaucoup en le faisant.
Projet,J'ai demandé à l'IA des synonymes pour enrichir mon vocabulaire.,J'ai eu du mal à comprendre certaines consignes.
Présentation - Eco,J'ai utilisé l'IA pour vérifier la grammaire.,Je pense que je peux faire mieux.
Rapport de stage,L'IA m'a aidé à corriger mes fautes d'orthographe.,À revoir pour la prochaine fois.
Dissertation 50,J'ai demandé à l'IA des synonymes pour enrichir mon vocabulaire.,J'ai eu du mal à comprendre certaines consignes.
Compte rendu,J'ai utilisé l'IA pour reformuler mes idées.,Travail fait rapidement.
Projet,Je me suis aidé de l'IA pour résumer un texte.,J'ai appris beaucoup en le faisant.
Rendu du 17 December 2024,L'IA a généré un premier jet que j'ai retravaillé.,À discuter avec le professeur.
Compte rendu,L'IA m'a donné des exemples concrets.,À discuter avec le professeur.
Compte rendu,J'ai utilisé l'IA pour reformuler mes idées.,Je pense que je peux faire mieux.
Rapport de stage - Info,Je me suis aidé de l'IA pour résumer un texte.,Travail fait rapidement.
Exposé - Philo,L'IA a généré un premier jet que j'ai retravaillé.,"Travail fait en retard, à améliorer."
Compte rendu - Eco,Je me suis aidé de l'IA pour résumer un texte.,J'ai passé beaucoup de temps dessus.
Dissertation 25,J'ai utilisé l'IA pour vérifier la grammaire.,À revoir pour la prochaine fois.
Dissertation 33,J'ai utilisé l'IA pour reformuler mes idées.,Je pense que je peux faire mieux.
Compte rendu - Eco,L'IA m'a aidé à corriger mes fautes d'orthographe.,"Premier essai, pas encore au point."
Mémoire,J'ai utilisé l'IA pour vérifier la grammaire.,J'ai appris beaucoup en le faisant.
Compte rendu 15,L'IA a généré un premier jet que j'ai retravaillé.,J'ai passé beaucoup de temps dessus.
Rapport de stage,L'IA a généré un premier jet que j'ai retravaillé.,À revoir pour la prochaine fois.
Présentation - Philo,L'IA m'a donné des exemples concrets.,Travail fait rapidement.
Dissertation - Physique,L'IA a généré un premier jet que j'ai retravaillé.,À discuter avec le professeur.
Synthèse 12,J'ai utilisé l'IA pour vérifier la grammaire.,J'ai passé beaucoup de temps dessus.
Rendu du 24 December 2025,J'ai utilisé l'IA pour reformuler mes idées.,"Premier essai, pas encore au point."
Rendu du 17 August 2023,J'ai demandé à l'IA de générer un plan.,À discuter avec le professeur.
Exposé,L'IA m'a aidé à corriger mes fautes d'orthographe.,"Premier essai, pas encore au point."
Mémoire,J'ai utilisé l'IA pour reformuler mes idées.,À discuter avec le professeur.
Dissertation 4,L'IA m'a aidé à clarifier certains concepts.,J'ai eu du mal à comprendre certaines consignes.
Analyse,L'IA m'a aidé à corriger mes fautes d'orthographe.,J'ai passé beaucoup de temps dessus.
Compte rendu - Eco,Je me suis aidé de l'IA pour résumer un texte.,J'ai eu du mal à comprendre certaines consignes.
Mémoire 18,J'ai demandé à l'IA de générer un plan.,Je pense que je peux faire mieux.
Dissertation 5,L'IA m'a donné des exemples concrets.,J'ai appris beaucoup en le faisant.
Exposé 41,L'IA m'a aidé à corriger mes fautes d'orthographe.,À revoir pour la prochaine fois.
Projet,J'ai demandé à l'IA des synonymes pour enrichir mon vocabulaire.,"Travail fait en retard, à améliorer."
Rendu du 13 May 2022,J'ai utilisé l'IA pour vérifier la grammaire.,J'ai eu du mal à comprendre certaines consignes.
Analyse,L'IA m'a donné des exemples concrets.,"Premier essai, pas encore au point."
Rendu du 20 September 2022,L'IA m'a donné des exemples concrets.,J'ai eu du mal à comprendre certaines consignes.
Mémoire - Physique,L'IA m'a donné des exemples concrets.,"Premier essai, pas encore au point."
Analyse - Philo,Je me suis aidé de l'IA pour résumer un texte.,"Premier essai, pas encore au point."
Projet - Physique,Je me suis aidé de l'IA pour résumer un texte.,À discuter avec le professeur.
Analyse 40,L'IA a généré un premier jet que j'ai retravaillé.,Pas totalement satisfait du rendu.
Dissertation - Philo,J'ai demandé à l'IA de générer un plan.,Travail fait rapidement.
Rapport de stage - Info,L'IA m'a aidé à corriger mes fautes d'orthographe.,J'ai appris beaucoup en le faisant.
Analyse,J'ai demandé à l'IA des synonymes pour enrichir mon vocabulaire.,J'ai passé beaucoup de temps dessus.
Rendu du 15 November 2022,J'ai utilisé l'IA pour reformuler mes idées.,Pas totalement satisfait du rendu.
Mémoire,L'IA m'a aidé à corriger mes fautes d'orthographe.,À revoir pour la prochaine fois.
Projet,L'IA m'a donné des exemples concrets.,Travail fait rapidement.
Exposé - Physique,L'IA m'a aidé à clarifier certains concepts.,À discuter avec le professeur.
Mémoire - Eco,L'IA m'a donné des exemples concrets.,J'ai passé beaucoup de temps dessus.
Projet - Info,L'IA m'a aidé à clarifier certains concepts.,Je pense que je peux faire mieux.
Rapport de stage - Physique,J'ai demandé à l'IA de générer un plan.,"Travail fait en retard, à améliorer."
Synthèse 37,L'IA m'a aidé à corriger mes fautes d'orthographe.,"Travail fait en retard, à améliorer."
Mémoire - Physique,L'IA m'a permis de mieux structurer mes phrases.,Je pense que je peux faire mieux.
Compte rendu 31,L'IA m'a permis de mieux structurer mes phrases.,J'ai passé beaucoup de temps dessus.
Compte rendu - Philo,L'IA m'a aidé à corriger mes fautes d'orthographe.,"Travail fait en retard, à améliorer."
Présentation 22,L'IA m'a aidé à clarifier certains concepts.,J'ai passé beaucoup de temps dessus.
Rendu du 05 August 2023,Je me suis aidé de l'IA pour résumer un texte.,J'ai eu du mal à comprendre certaines consignes.
Mémoire - Math,J'ai utilisé l'IA pour reformuler mes idées.,Je pense que je peux faire mieux.
Analyse,L'IA m'a permis de mieux structurer mes phrases.,J'ai appris beaucoup en le faisant.
Dissertation,L'IA m'a donné des exemples concrets.,Je pense que je peux faire mieux.
Rendu du 02 September 2024,J'ai demandé à l'IA de générer un plan.,"Premier essai, pas encore au point."
Analyse 19,J'ai demandé à l'IA de générer un plan.,Travail fait rapidement.
Synthèse 14,J'ai utilisé l'IA pour reformuler mes idées.,"Premier essai, pas encore au point."
Analyse,J'ai utilisé l'IA pour reformuler mes idées.,J'ai appris beaucoup en le faisant.
Compte rendu,J'ai demandé à l'IA de générer un plan.,"Premier essai, pas encore au point."
Compte rendu - Info,L'IA m'a aidé à clarifier certains concepts.,À revoir pour la prochaine fois.
Compte rendu - Philo,J'ai demandé à l'IA des synonymes pour enrichir mon vocabulaire.,À revoir pour la prochaine fois.
Exposé - Info,L'IA m'a aidé à clarifier certains concepts.,Pas totalement satisfait du rendu.
Présentation,J'ai demandé à l'IA des synonymes pour enrichir mon vocabulaire.,J'ai passé beaucoup de temps dessus.
Dissertation - Physique,J'ai demandé à l'IA des synonymes pour enrichir mon vocabulaire.,"Premier essai, pas encore au point."
Rapport de stage 22,J'ai utilisé l'IA pour vérifier la grammaire.,Je pense que je peux faire mieux.
Rendu du 27 January 2023,L'IA m'a donné des exemples concrets.,J'ai eu du mal à comprendre certaines consignes.
Exposé 23,L'IA m'a donné des exemples concrets.,À discuter avec le professeur.
Présentation 34,L'IA m'a donné des exemples concrets.,Pas totalement satisfait du rendu.
Exposé - Philo,L'IA m'a aidé à clarifier certains concepts.,"Premier essai, pas encore au point."
Exposé - Physique,L'IA m'a aidé à corriger mes fautes d'orthographe.,Je pense que je peux faire mieux.
Projet,J'ai utilisé l'IA pour vérifier la grammaire.,Travail fait rapidement.
Projet - Physique,L'IA m'a aidé à clarifier certains concepts.,J'ai appris beaucoup en le faisant.
Synthèse 22,L'IA m'a donné des exemples concrets.,À revoir pour la prochaine fois.
Compte rendu 18,J'ai utilisé l'IA pour vérifier la grammaire.,Travail fait rapidement.
Rapport de stage 46,L'IA m'a permis de mieux structurer mes phrases.,"Travail fait en retard, à améliorer."
Analyse,L'IA m'a donné des exemples concrets.,J'ai eu du mal à comprendre certaines consignes.
Synthèse - Philo,Je me suis aidé de l'IA pour résumer un texte.,J'ai eu du mal à comprendre certaines consignes.
Mémoire 12,J'ai demandé à l'IA des synonymes pour enrichir mon vocabulaire.,À revoir pour la prochaine fois.
Rapport de stage - Info,J'ai utilisé l'IA pour vérifier la grammaire.,Travail fait rapidement.
Mémoire - Philo,L'IA m'a permis de mieux structurer mes phrases.,Je pense que je peux faire mieux.
Analyse,Je me suis aidé de l'IA pour résumer un texte.,"Travail fait en retard, à améliorer."
Analyse,J'ai utilisé l'IA pour vérifier la grammaire.,À discuter avec le professeur.
Synthèse,L'IA m'a aidé à corriger mes fautes d'orthographe.,"Travail fait en retard, à améliorer."
Mémoire,L'IA m'a donné des exemples concrets.,À discuter avec le professeur.
Rendu du 05 March 2024,J'ai utilisé l'IA pour reformuler mes idées.,À revoir pour la prochaine fois.
Compte rendu 19,L'IA m'a donné des exemples concrets.,"Premier essai, pas encore au point."
Exposé,L'IA m'a aidé à corriger mes fautes d'orthographe.,À discuter avec le professeur.
Compte rendu - Physique,J'ai utilisé l'IA pour reformuler mes idées.,"Travail fait en retard, à améliorer."
Dissertation,J'ai demandé à l'IA des synonymes pour enrichir mon vocabulaire.,J'ai eu du mal à comprendre certaines consignes.
Exposé,J'ai utilisé l'IA pour vérifier la grammaire.,"Premier essai, pas encore au point."
Rendu du 08 December 2022,J'ai utilisé l'IA pour vérifier la grammaire.,À discuter avec le professeur.
Rapport de stage - Math,L'IA m'a aidé à clarifier certains concepts.,Travail fait rapidement.
Rapport de stage - Physique,J'ai utilisé l'IA pour vérifier la grammaire.,J'ai eu du mal à comprendre certaines consignes.
Analyse - Math,L'IA m'a permis de mieux structurer mes phrases.,"Travail fait en retard, à améliorer."
Synthèse,J'ai demandé à l'IA des synonymes pour enrichir mon vocabulaire.,À discuter avec le professeur.
Mémoire 27,L'IA m'a permis de mieux structurer mes phrases.,À revoir pour la prochaine fois.
Compte rendu,L'IA m'a aidé à clarifier certains concepts.,Pas totalement satisfait du rendu.
Dissertation,J'ai utilisé l'IA pour vérifier la grammaire.,"Travail fait en retard, à améliorer."
Compte rendu 6,L'IA m'a permis de mieux structurer mes phrases.,Travail fait rapidement.
Projet,L'IA a généré un premier jet que j'ai retravaillé.,J'ai passé beaucoup de temps dessus.
Exposé - Eco,Je me suis aidé de l'IA pour résumer un texte.,J'ai eu du mal à comprendre certaines consignes.
Compte rendu 4,L'IA a généré un premier jet que j'ai retravaillé.,Travail fait rapidement.
Dissertation - Math,L'IA a généré un premier jet que j'ai retravaillé.,"Travail fait en retard, à améliorer."
Synthèse - Info,J'ai utilisé l'IA pour vérifier la grammaire.,"Premier essai, pas encore au point."
Mémoire,Je me suis aidé de l'IA pour résumer un texte.,J'ai appris beaucoup en le faisant.
Synthèse,L'IA m'a permis de mieux structurer mes phrases.,J'ai eu du mal à comprendre certaines consignes.
Compte rendu,L'IA m'a aidé à corriger mes fautes d'orthographe.,"Travail fait en retard, à améliorer."
Exposé - Eco,Je me suis aidé de l'IA pour résumer un texte.,J'ai passé beaucoup de temps dessus.
Présentation - Eco,L'IA m'a aidé à clarifier certains concepts.,J'ai appris beaucoup en le faisant.
Présentation,J'ai utilisé l'IA pour vérifier la grammaire.,J'ai appris beaucoup en le faisant.
Dissertation,J'ai utilisé l'IA pour reformuler mes idées.,Je pense que je peux faire mieux.
Projet,Je me suis aidé de l'IA pour résumer un texte.,Je pense que je peux faire mieux.
Synthèse,J'ai demandé à l'IA des synonymes pour enrichir mon vocabulaire.,"Travail fait en retard, à améliorer."
Mémoire 16,J'ai demandé à l'IA des synonymes pour enrichir mon vocabulaire.,À discuter avec le professeur.
Analyse,J'ai demandé à l'IA des synonymes pour enrichir mon vocabulaire.,"Travail fait en retard, à améliorer."
Présentation 42,L'IA a généré un premier jet que j'ai retravaillé.,Travail fait rapidement.
Mémoire - Physique,J'ai demandé à l'IA de générer un plan.,"Travail fait en retard, à améliorer."
Exposé - Info,L'IA a généré un premier jet que j'ai retravaillé.,"Travail fait en retard, à améliorer."
Analyse 26,L'IA m'a donné des exemples concrets.,"Travail fait en retard, à améliorer."
Présentation 3,J'ai demandé à l'IA de générer un plan.,J'ai passé beaucoup de temps dessus.
Présentation - Math,L'IA a généré un premier jet que j'ai retravaillé.,À revoir pour la prochaine fois.
Rapport de stage,Je me suis aidé de l'IA pour résumer un texte.,À discuter avec le professeur.
Dissertation - Physique,L'IA a généré un premier jet que j'ai retravaillé.,Travail fait rapidement.
Présentation 17,L'IA m'a donné des exemples concrets.,Je pense que je peux faire mieux.
Synthèse 47,J'ai utilisé l'IA pour reformuler mes idées.,Pas totalement satisfait du rendu.
Exposé 19,J'ai utilisé l'IA pour vérifier la grammaire.,"Travail fait en retard, à améliorer."
Compte rendu,L'IA a généré un premier jet que j'ai retravaillé.,Je pense que je peux faire mieux.
Rapport de stage 2,L'IA m'a donné des exemples concrets.,Pas totalement satisfait du rendu.
Mémoire,Je me suis aidé de l'IA pour résumer un texte.,À revoir pour la prochaine fois.
Synthèse - Philo,L'IA m'a aidé à clarifier certains concepts.,"Travail fait en retard, à améliorer."
Rapport de stage,J'ai demandé à l'IA de générer un plan.,À discuter avec le professeur.
Synthèse,Je me suis aidé de l'IA pour résumer un texte.,À discuter avec le professeur.
Analyse 36,L'IA a généré un premier jet que j'ai retravaillé.,À revoir pour la prochaine fois.
Mémoire - Math,J'ai utilisé l'IA pour vérifier la grammaire.,Travail fait rapidement.
Rendu du 23 April 2024,J'ai demandé à l'IA de générer un plan.,À discuter avec le professeur.
Rapport de stage,L'IA m'a aidé à corriger mes fautes d'orthographe.,À revoir pour la prochaine fois.
Compte rendu - Info,L'IA m'a donné des exemples concrets.,Travail fait rapidement.
Dissertation,L'IA m'a permis de mieux structurer mes phrases.,Pas totalement satisfait du rendu.
Rendu du 05 October 2022,J'ai demandé à l'IA de générer un plan.,"Premier essai, pas encore au point."
Projet - Math,L'IA m'a donné des exemples concrets.,À revoir pour la prochaine fois.
Exposé 44,L'IA m'a permis de mieux structurer mes phrases.,J'ai appris beaucoup en le faisant.
Rendu du 25 June 2023,J'ai demandé à l'IA de générer un plan.,J'ai eu du mal à comprendre certaines consignes.
Compte rendu,Je me suis aidé de l'IA pour résumer un texte.,J'ai appris beaucoup en le faisant.
Présentation - Physique,J'ai demandé à l'IA de générer un plan.,Je pense que je peux faire mieux.
Synthèse - Physique,J'ai utilisé l'IA pour reformuler mes idées.,À revoir pour la prochaine fois.
Rapport de stage - Physique,J'ai utilisé l'IA pour vérifier la grammaire.,Travail fait rapidement.
Mémoire 21,L'IA m'a aidé à corriger mes fautes d'orthographe.,"Travail fait en retard, à améliorer."
Dissertation - Info,L'IA m'a aidé à corriger mes fautes d'orthographe.,J'ai eu du mal à comprendre certaines consignes.
Rendu du 03 January 2025,J'ai utilisé l'IA pour reformuler mes idées.,Je pense que je peux faire mieux.
Dissertation 45,Je me suis aidé de l'IA pour résumer un texte.,"Premier essai, pas encore au point."
Exposé 23,L'IA a généré un premier jet que j'ai retravaillé.,J'ai eu du mal à comprendre certaines consignes.
Compte rendu 11,J'ai demandé à l'IA des synonymes pour enrichir mon vocabulaire.,Pas totalement satisfait du rendu.
Analyse 4,L'IA m'a donné des exemples concrets.,J'ai passé beaucoup de temps dessus.
Projet - Info,J'ai demandé à l'IA des synonymes pour enrichir mon vocabulaire.,Je pense que je peux faire mieux.
Mémoire - Physique,Je me suis aidé de l'IA pour résumer un texte.,Je pense que je peux faire mieux.
Exposé 50,J'ai demandé à l'IA de générer un plan.,"Travail fait en retard, à améliorer."
Présentation - Info,L'IA a généré un premier jet que j'ai retravaillé.,"Travail fait en retard, à améliorer."
Compte rendu - Physique,J'ai demandé à l'IA de générer un plan.,J'ai passé beaucoup de temps dessus.
Projet,Je me suis aidé de l'IA pour résumer un texte.,J'ai passé beaucoup de temps dessus.
Rapport de stage,L'IA m'a donné des exemples concrets.,Travail fait rapidement.
Analyse - Physique,L'IA a généré un premier jet que j'ai retravaillé.,À revoir pour la prochaine fois.
Présentation,J'ai utilisé l'IA pour reformuler mes idées.,À discuter avec le professeur.
Présentation,Je me suis aidé de l'IA pour résumer un texte.,Je pense que je peux faire mieux.
Compte rendu - Info,L'IA m'a aidé à clarifier certains concepts.,À discuter avec le professeur.
Compte rendu 33,L'IA m'a aidé à corriger mes fautes d'orthographe.,"Travail fait en retard, à améliorer."
Exposé - Philo,J'ai utilisé l'IA pour reformuler mes idées.,"Travail fait en retard, à améliorer."
Dissertation - Philo,J'ai demandé à l'IA des synonymes pour enrichir mon vocabulaire.,Pas totalement satisfait du rendu.
Présentation 43,J'ai utilisé l'IA pour reformuler mes idées.,Je pense que je peux faire mieux.
Analyse,J'ai demandé à l'IA de générer un plan.,À revoir pour la prochaine fois.
Compte rendu 39,L'IA m'a aidé à clarifier certains concepts.,Pas totalement satisfait du rendu.
Présentation,J'ai demandé à l'IA des synonymes pour enrichir mon vocabulaire.,À revoir pour la prochaine fois.
Synthèse 29,J'ai demandé à l'IA des synonymes pour enrichir mon vocabulaire.,À revoir pour la prochaine fois.
Rapport de stage - Math,L'IA m'a aidé à clarifier certains concepts.,"Premier essai, pas encore au point."
Rendu du 31 July 2023,L'IA m'a aidé à corriger mes fautes d'orthographe.,À discuter avec le professeur.
Projet,L'IA m'a aidé à clarifier certains concepts.,"Travail fait en retard, à améliorer."
Synthèse 30,L'IA a généré un premier jet que j'ai retravaillé.,À revoir pour la prochaine fois.
Analyse 15,Je me suis aidé de l'IA pour résumer un texte.,"Travail fait en retard, à améliorer."
Analyse - Eco,L'IA m'a aidé à clarifier certains concepts.,J'ai eu du mal à comprendre certaines consignes.
